,tagnt_word_n,book,chapter,verse,orig,lex,strong,freq
107390,111181,Colossiens,1,1,Παῦλος,Παῦλος,G3972,158
107391,111182,Colossiens,1,1,ἀπόστολος,ἀπόστολος,G0652,79
107392,111183,Colossiens,1,1,Χριστοῦ,Χριστός,G5547,529
107393,111184,Colossiens,1,1,Ἰησοῦ,Ἰησοῦς,G2424,910
107394,111185,Colossiens,1,1,διὰ,διά,G1223,666
107395,111186,Colossiens,1,1,θελήματος,θέλημα,G2307,62
107396,111187,Colossiens,1,1,θεοῦ,θεός,G2316,1311
107397,111188,Colossiens,1,1,καὶ,καί,G2532,9108
107398,111189,Colossiens,1,1,Τιμόθεος,Τιμόθεος,G5095,24
107399,111190,Colossiens,1,1,ὁ,ὁ,G3588,19785
107400,111191,Colossiens,1,1,ἀδελφὸς,ἀδελφός,G0080,343
107401,111192,Colossiens,1,2,τοῖς,ὁ,G3588,19785
107402,111193,Colossiens,1,2,ἐν,ἐν,G1722,2728
107403,111194,Colossiens,1,2,Κολοσσαῖς,Κολοσσαί,G2857,1
107404,111195,Colossiens,1,2,ἁγίοις,ἅγιος,G0040,224
107405,111196,Colossiens,1,2,καὶ,καί,G2532,9108
107406,111197,Colossiens,1,2,πιστοῖς,πιστός,G4103,66
107407,111198,Colossiens,1,2,ἀδελφοῖς,ἀδελφός,G0080,343
107408,111199,Colossiens,1,2,ἐν,ἐν,G1722,2728
107409,111200,Colossiens,1,2,Χριστῷ,Χριστός,G5547,529
107410,111201,Colossiens,1,2,χάρις,χάρις,G5485,154
107411,111202,Colossiens,1,2,ὑμῖν,σύ,G4771,2896
107412,111203,Colossiens,1,2,καὶ,καί,G2532,9108
107413,111204,Colossiens,1,2,εἰρήνη,εἰρήνη,G1515,92
107414,111205,Colossiens,1,2,ἀπὸ,ἀπό,G0575,640
107415,111206,Colossiens,1,2,θεοῦ,θεός,G2316,1311
107416,111207,Colossiens,1,2,πατρὸς,πατήρ,G3962,414
107417,111208,Colossiens,1,2,ἡμῶν,ἐγώ,G1473,2462
107418,111213,Colossiens,1,3,Εὐχαριστοῦμεν,εὐχαριστέω,G2168,38
107419,111214,Colossiens,1,3,τῷ,ὁ,G3588,19785
107420,111215,Colossiens,1,3,θεῷ,θεός,G2316,1311
107421,111216,Colossiens,1,3,καὶ,καί,G2532,9108
107422,111217,Colossiens,1,3,πατρὶ,πατήρ,G3962,414
107423,111218,Colossiens,1,3,τοῦ,ὁ,G3588,19785
107424,111219,Colossiens,1,3,κυρίου,κύριος,G2962,716
107425,111220,Colossiens,1,3,ἡμῶν,ἐγώ,G1473,2462
107426,111221,Colossiens,1,3,Ἰησοῦ,Ἰησοῦς,G2424,910
107427,111222,Colossiens,1,3,Χριστοῦ,Χριστός,G5547,529
107428,111223,Colossiens,1,3,πάντοτε,πάντοτε,G3842,41
107429,111224,Colossiens,1,3,περὶ,περί,G4012,331
107430,111225,Colossiens,1,3,ὑμῶν,σύ,G4771,2896
107431,111226,Colossiens,1,3,προσευχόμενοι,προσεύχομαι,G4336,86
107432,111227,Colossiens,1,4,ἀκούσαντες,ἀκούω,G0191,426
107433,111228,Colossiens,1,4,τὴν,ὁ,G3588,19785
107434,111229,Colossiens,1,4,πίστιν,πίστις,G4102,242
107435,111230,Colossiens,1,4,ὑμῶν,σύ,G4771,2896
107436,111231,Colossiens,1,4,ἐν,ἐν,G1722,2728
107437,111232,Colossiens,1,4,Χριστῷ,Χριστός,G5547,529
107438,111233,Colossiens,1,4,Ἰησοῦ,Ἰησοῦς,G2424,910
107439,111234,Colossiens,1,4,καὶ,καί,G2532,9108
107440,111235,Colossiens,1,4,τὴν,ὁ,G3588,19785
107441,111236,Colossiens,1,4,ἀγάπην,ἀγάπη,G0026,116
107442,111237,Colossiens,1,4,ἣν,ὅς,G3739,1408
107443,111238,Colossiens,1,4,ἔχετε,ἔχω,G2192,706
107444,111239,Colossiens,1,4,εἰς,εἰς,G1519,1757
107445,111240,Colossiens,1,4,πάντας,πᾶς,G3956,1236
107446,111241,Colossiens,1,4,τοὺς,ὁ,G3588,19785
107447,111242,Colossiens,1,4,ἁγίους,ἅγιος,G0040,224
107448,111243,Colossiens,1,5,διὰ,διά,G1223,666
107449,111244,Colossiens,1,5,τὴν,ὁ,G3588,19785
107450,111245,Colossiens,1,5,ἐλπίδα,ἐλπίς,G1680,53
107451,111246,Colossiens,1,5,τὴν,ὁ,G3588,19785
107452,111247,Colossiens,1,5,ἀποκειμένην,ἀπόκειμαι,G0606,4
107453,111248,Colossiens,1,5,ὑμῖν,σύ,G4771,2896
107454,111249,Colossiens,1,5,ἐν,ἐν,G1722,2728
107455,111250,Colossiens,1,5,τοῖς,ὁ,G3588,19785
107456,111251,Colossiens,1,5,οὐρανοῖς,οὐρανός,G3772,273
107457,111252,Colossiens,1,5,ἣν,ὅς,G3739,1408
107458,111253,Colossiens,1,5,προηκούσατε,προακούω,G4257,1
107459,111254,Colossiens,1,5,ἐν,ἐν,G1722,2728
107460,111255,Colossiens,1,5,τῷ,ὁ,G3588,19785
107461,111256,Colossiens,1,5,λόγῳ,λόγος,G3056,330
107462,111257,Colossiens,1,5,τῆς,ὁ,G3588,19785
107463,111258,Colossiens,1,5,ἀληθείας,ἀλήθεια,G0225,108
107464,111259,Colossiens,1,5,τοῦ,ὁ,G3588,19785
107465,111260,Colossiens,1,5,εὐαγγελίου,εὐαγγέλιον,G2098,76
107466,111261,Colossiens,1,6,τοῦ,ὁ,G3588,19785
107467,111262,Colossiens,1,6,παρόντος,πάρειμι,G3918,25
107468,111263,Colossiens,1,6,εἰς,εἰς,G1519,1757
107469,111264,Colossiens,1,6,ὑμᾶς,σύ,G4771,2896
107470,111265,Colossiens,1,6,καθὼς,καθώς,G2531,182
107471,111266,Colossiens,1,6,καὶ,καί,G2532,9108
107472,111267,Colossiens,1,6,ἐν,ἐν,G1722,2728
107473,111268,Colossiens,1,6,παντὶ,πᾶς,G3956,1236
107474,111269,Colossiens,1,6,τῷ,ὁ,G3588,19785
107475,111270,Colossiens,1,6,κόσμῳ,κόσμος,G2889,185
107476,111272,Colossiens,1,6,ἐστὶν,εἰμί,G1510,2458
107477,111273,Colossiens,1,6,καρποφορούμενον,καρποφορέω,G2592,8
107478,111274,Colossiens,1,6,καὶ,καί,G2532,9108
107479,111275,Colossiens,1,6,αὐξανόμενον,αὐξάνω,G0837,23
107480,111276,Colossiens,1,6,καθὼς,καθώς,G2531,182
107481,111277,Colossiens,1,6,καὶ,καί,G2532,9108
107482,111278,Colossiens,1,6,ἐν,ἐν,G1722,2728
107483,111279,Colossiens,1,6,ὑμῖν,σύ,G4771,2896
107484,111280,Colossiens,1,6,ἀφ᾽,ἀπό,G0575,640
107485,111281,Colossiens,1,6,ἧς,ὅς,G3739,1408
107486,111282,Colossiens,1,6,ἡμέρας,ἡμέρα,G2250,388
107487,111283,Colossiens,1,6,ἠκούσατε,ἀκούω,G0191,426
107488,111284,Colossiens,1,6,καὶ,καί,G2532,9108
107489,111285,Colossiens,1,6,ἐπέγνωτε,ἐπιγινώσκω,G1921,44
107490,111286,Colossiens,1,6,τὴν,ὁ,G3588,19785
107491,111287,Colossiens,1,6,χάριν,χάρις,G5485,154
107492,111288,Colossiens,1,6,τοῦ,ὁ,G3588,19785
107493,111289,Colossiens,1,6,θεοῦ,θεός,G2316,1311
107494,111290,Colossiens,1,6,ἐν,ἐν,G1722,2728
107495,111291,Colossiens,1,6,ἀληθείᾳ,ἀλήθεια,G0225,108
107496,111292,Colossiens,1,7,καθὼς,καθώς,G2531,182
107497,111294,Colossiens,1,7,ἐμάθετε,μανθάνω,G3129,25
107498,111295,Colossiens,1,7,ἀπὸ,ἀπό,G0575,640
107499,111296,Colossiens,1,7,Ἐπαφρᾶ,Ἐπαφρᾶς,G1889,3
107500,111297,Colossiens,1,7,τοῦ,ὁ,G3588,19785
107501,111298,Colossiens,1,7,ἀγαπητοῦ,ἀγαπητός,G0027,61
107502,111299,Colossiens,1,7,συνδούλου,σύνδουλος,G4889,10
107503,111300,Colossiens,1,7,ἡμῶν,ἐγώ,G1473,2462
107504,111301,Colossiens,1,7,ὅς,ὅς,G3739,1408
107505,111302,Colossiens,1,7,ἐστιν,εἰμί,G1510,2458
107506,111303,Colossiens,1,7,πιστὸς,πιστός,G4103,66
107507,111304,Colossiens,1,7,ὑπὲρ,ὑπέρ,G5228,153
107508,111306,Colossiens,1,7,διάκονος,διάκονος,G1249,30
107509,111307,Colossiens,1,7,τοῦ,ὁ,G3588,19785
107510,111308,Colossiens,1,7,Χριστοῦ,Χριστός,G5547,529
107511,111309,Colossiens,1,8,ὁ,ὁ,G3588,19785
107512,111310,Colossiens,1,8,καὶ,καί,G2532,9108
107513,111311,Colossiens,1,8,δηλώσας,δηλόω,G1213,7
107514,111312,Colossiens,1,8,ἡμῖν,ἐγώ,G1473,2462
107515,111313,Colossiens,1,8,τὴν,ὁ,G3588,19785
107516,111314,Colossiens,1,8,ὑμῶν,σύ,G4771,2896
107517,111315,Colossiens,1,8,ἀγάπην,ἀγάπη,G0026,116
107518,111316,Colossiens,1,8,ἐν,ἐν,G1722,2728
107519,111317,Colossiens,1,8,πνεύματι,πνεῦμα,G4151,378
107520,111318,Colossiens,1,9,Διὰ,διά,G1223,666
107521,111319,Colossiens,1,9,τοῦτο,οὗτος,G3778,1380
107522,111320,Colossiens,1,9,καὶ,καί,G2532,9108
107523,111321,Colossiens,1,9,ἡμεῖς,ἐγώ,G1473,2462
107524,111322,Colossiens,1,9,ἀφ᾽,ἀπό,G0575,640
107525,111323,Colossiens,1,9,ἧς,ὅς,G3739,1408
107526,111324,Colossiens,1,9,ἡμέρας,ἡμέρα,G2250,388
107527,111325,Colossiens,1,9,ἠκούσαμεν,ἀκούω,G0191,426
107528,111326,Colossiens,1,9,οὐ,οὐ,G3756,1667
107529,111327,Colossiens,1,9,παυόμεθα,παύω,G3973,15
107530,111328,Colossiens,1,9,ὑπὲρ,ὑπέρ,G5228,153
107531,111329,Colossiens,1,9,ὑμῶν,σύ,G4771,2896
107532,111330,Colossiens,1,9,προσευχόμενοι,προσεύχομαι,G4336,86
107533,111331,Colossiens,1,9,καὶ,καί,G2532,9108
107534,111332,Colossiens,1,9,αἰτούμενοι,αἰτέω,G0154,70
107535,111333,Colossiens,1,9,ἵνα,ἵνα,G2443,668
107536,111334,Colossiens,1,9,πληρωθῆτε,πληρόω,G4137,85
107537,111335,Colossiens,1,9,τὴν,ὁ,G3588,19785
107538,111336,Colossiens,1,9,ἐπίγνωσιν,ἐπίγνωσις,G1922,20
107539,111337,Colossiens,1,9,τοῦ,ὁ,G3588,19785
107540,111338,Colossiens,1,9,θελήματος,θέλημα,G2307,62
107541,111339,Colossiens,1,9,αὐτοῦ,αὐτός,G0846,5558
107542,111340,Colossiens,1,9,ἐν,ἐν,G1722,2728
107543,111341,Colossiens,1,9,πάσῃ,πᾶς,G3956,1236
107544,111342,Colossiens,1,9,σοφίᾳ,σοφία,G4678,51
107545,111343,Colossiens,1,9,καὶ,καί,G2532,9108
107546,111344,Colossiens,1,9,συνέσει,σύνεσις,G4907,7
107547,111345,Colossiens,1,9,πνευματικῆ,πνευματικός,G4152,26
107548,111346,Colossiens,1,10,περιπατῆσαι,περιπατέω,G4043,95
107549,111348,Colossiens,1,10,ἀξίως,ἀξίως,G0516,6
107550,111349,Colossiens,1,10,τοῦ,ὁ,G3588,19785
107551,111350,Colossiens,1,10,κυρίου,κύριος,G2962,716
107552,111351,Colossiens,1,10,εἰς,εἰς,G1519,1757
107553,111352,Colossiens,1,10,πᾶσαν,πᾶς,G3956,1236
107554,111353,Colossiens,1,10,ἀρεσκείαν,ἀρεσκεία,G0699,1
107555,111354,Colossiens,1,10,ἐν,ἐν,G1722,2728
107556,111355,Colossiens,1,10,παντὶ,πᾶς,G3956,1236
107557,111356,Colossiens,1,10,ἔργῳ,ἔργον,G2041,169
107558,111357,Colossiens,1,10,ἀγαθῷ,ἀγαθός,G0018,102
107559,111358,Colossiens,1,10,καρποφοροῦντες,καρποφορέω,G2592,8
107560,111359,Colossiens,1,10,καὶ,καί,G2532,9108
107561,111360,Colossiens,1,10,αὐξανόμενοι,αὐξάνω,G0837,23
107562,111362,Colossiens,1,10,τῆ,ὁ,G3588,19785
107563,111363,Colossiens,1,10,ἐπιγνώσει,ἐπίγνωσις,G1922,20
107564,111364,Colossiens,1,10,τοῦ,ὁ,G3588,19785
107565,111365,Colossiens,1,10,θεοῦ,θεός,G2316,1311
107566,111366,Colossiens,1,11,ἐν,ἐν,G1722,2728
107567,111367,Colossiens,1,11,πάσῃ,πᾶς,G3956,1236
107568,111368,Colossiens,1,11,δυνάμει,δύναμις,G1411,119
107569,111369,Colossiens,1,11,δυναμούμενοι,δυναμόω,G1412,2
107570,111370,Colossiens,1,11,κατὰ,κατά,G2596,472
107571,111371,Colossiens,1,11,τὸ,ὁ,G3588,19785
107572,111372,Colossiens,1,11,κράτος,κράτος,G2904,12
107573,111373,Colossiens,1,11,τῆς,ὁ,G3588,19785
107574,111374,Colossiens,1,11,δόξης,δόξα,G1391,166
107575,111375,Colossiens,1,11,αὐτοῦ,αὐτός,G0846,5558
107576,111376,Colossiens,1,11,εἰς,εἰς,G1519,1757
107577,111377,Colossiens,1,11,πᾶσαν,πᾶς,G3956,1236
107578,111378,Colossiens,1,11,ὑπομονὴν,ὑπομονή,G5281,32
107579,111379,Colossiens,1,11,καὶ,καί,G2532,9108
107580,111380,Colossiens,1,11,μακροθυμίαν,μακροθυμία,G3115,14
107581,111381,Colossiens,1,11,μετὰ,μετά,G3326,468
107582,111382,Colossiens,1,11,χαρᾶς,χαρά,G5479,59
107583,111383,Colossiens,1,12,εὐχαριστοῦντες,εὐχαριστέω,G2168,38
107584,111384,Colossiens,1,12,τῷ,ὁ,G3588,19785
107585,111385,Colossiens,1,12,πατρὶ,πατήρ,G3962,414
107586,111386,Colossiens,1,12,τῷ,ὁ,G3588,19785
107587,111387,Colossiens,1,12,ἱκανώσαντι,ἱκανόω,G2427,2
107588,111388,Colossiens,1,12,ὑμᾶς,σύ,G4771,2896
107589,111389,Colossiens,1,12,εἰς,εἰς,G1519,1757
107590,111390,Colossiens,1,12,τὴν,ὁ,G3588,19785
107591,111391,Colossiens,1,12,μερίδα,μερίς,G3310,5
107592,111392,Colossiens,1,12,τοῦ,ὁ,G3588,19785
107593,111393,Colossiens,1,12,κλήρου,κλῆρος,G2819,10
107594,111394,Colossiens,1,12,τῶν,ὁ,G3588,19785
107595,111395,Colossiens,1,12,ἁγίων,ἅγιος,G0040,224
107596,111396,Colossiens,1,12,ἐν,ἐν,G1722,2728
107597,111397,Colossiens,1,12,τῷ,ὁ,G3588,19785
107598,111398,Colossiens,1,12,φωτί,φῶς,G5457,73
107599,111399,Colossiens,1,13,ὃς,ὅς,G3739,1408
107600,111400,Colossiens,1,13,ἐρρύσατο,ῥύομαι,G4506,17
107601,111401,Colossiens,1,13,ἡμᾶς,ἐγώ,G1473,2462
107602,111402,Colossiens,1,13,ἐκ,ἐκ,G1537,912
107603,111403,Colossiens,1,13,τῆς,ὁ,G3588,19785
107604,111404,Colossiens,1,13,ἐξουσίας,ἐξουσία,G1849,102
107605,111405,Colossiens,1,13,τοῦ,ὁ,G3588,19785
107606,111406,Colossiens,1,13,σκότους,σκότος,G4655,30
107607,111407,Colossiens,1,13,καὶ,καί,G2532,9108
107608,111408,Colossiens,1,13,μετέστησεν,μεθίστημι,G3179,5
107609,111409,Colossiens,1,13,εἰς,εἰς,G1519,1757
107610,111410,Colossiens,1,13,τὴν,ὁ,G3588,19785
107611,111411,Colossiens,1,13,βασιλείαν,βασιλεία,G0932,161
107612,111412,Colossiens,1,13,τοῦ,ὁ,G3588,19785
107613,111413,Colossiens,1,13,υἱοῦ,υἱός,G5207,372
107614,111414,Colossiens,1,13,τῆς,ὁ,G3588,19785
107615,111415,Colossiens,1,13,ἀγάπης,ἀγάπη,G0026,116
107616,111416,Colossiens,1,13,αὐτοῦ,αὐτός,G0846,5558
107617,111417,Colossiens,1,14,ἐν,ἐν,G1722,2728
107618,111418,Colossiens,1,14,ᾧ,ὅς,G3739,1408
107619,111419,Colossiens,1,14,ἔχομεν,ἔχω,G2192,706
107620,111420,Colossiens,1,14,τὴν,ὁ,G3588,19785
107621,111421,Colossiens,1,14,ἀπολύτρωσιν,ἀπολύτρωσις,G0629,10
107622,111426,Colossiens,1,14,τὴν,ὁ,G3588,19785
107623,111427,Colossiens,1,14,ἄφεσιν,ἄφεσις,G0859,17
107624,111428,Colossiens,1,14,τῶν,ὁ,G3588,19785
107625,111429,Colossiens,1,14,ἁμαρτιῶν,ἁμαρτία,G0266,173
107626,111430,Colossiens,1,15,ὅς,ὅς,G3739,1408
107627,111431,Colossiens,1,15,ἐστιν,εἰμί,G1510,2458
107628,111432,Colossiens,1,15,εἰκὼν,εἰκών,G1504,23
107629,111433,Colossiens,1,15,τοῦ,ὁ,G3588,19785
107630,111434,Colossiens,1,15,θεοῦ,θεός,G2316,1311
107631,111435,Colossiens,1,15,τοῦ,ὁ,G3588,19785
107632,111436,Colossiens,1,15,ἀοράτου,ἀόρατος,G0517,5
107633,111437,Colossiens,1,15,πρωτότοκος,πρωτότοκος,G4416,8
107634,111438,Colossiens,1,15,πάσης,πᾶς,G3956,1236
107635,111439,Colossiens,1,15,κτίσεως,κτίσις,G2937,19
107636,111440,Colossiens,1,16,ὅτι,ὅτι,G3754,1291
107637,111441,Colossiens,1,16,ἐν,ἐν,G1722,2728
107638,111442,Colossiens,1,16,αὐτῷ,αὐτός,G0846,5558
107639,111443,Colossiens,1,16,ἐκτίσθη,κτίζω,G2936,15
107640,111444,Colossiens,1,16,τὰ,ὁ,G3588,19785
107641,111445,Colossiens,1,16,πάντα,πᾶς,G3956,1236
107642,111447,Colossiens,1,16,ἐν,ἐν,G1722,2728
107643,111448,Colossiens,1,16,τοῖς,ὁ,G3588,19785
107644,111449,Colossiens,1,16,οὐρανοῖς,οὐρανός,G3772,273
107645,111450,Colossiens,1,16,καὶ,καί,G2532,9108
107646,111452,Colossiens,1,16,ἐπὶ,ἐπί,G1909,884
107647,111453,Colossiens,1,16,τῆς,ὁ,G3588,19785
107648,111454,Colossiens,1,16,γῆς,γῆ,G1093,247
107649,111455,Colossiens,1,16,τὰ,ὁ,G3588,19785
107650,111456,Colossiens,1,16,ὁρατὰ,ὁρατός,G3707,1
107651,111457,Colossiens,1,16,καὶ,καί,G2532,9108
107652,111458,Colossiens,1,16,τὰ,ὁ,G3588,19785
107653,111459,Colossiens,1,16,ἀόρατα,ἀόρατος,G0517,5
107654,111460,Colossiens,1,16,εἴτε,εἴτε,G1535,65
107655,111461,Colossiens,1,16,θρόνοι,θρόνος,G2362,62
107656,111462,Colossiens,1,16,εἴτε,εἴτε,G1535,65
107657,111463,Colossiens,1,16,κυριότητες,κυριότης,G2963,4
107658,111464,Colossiens,1,16,εἴτε,εἴτε,G1535,65
107659,111465,Colossiens,1,16,ἀρχαὶ,ἀρχή,G0746,55
107660,111466,Colossiens,1,16,εἴτε,εἴτε,G1535,65
107661,111467,Colossiens,1,16,ἐξουσίαι,ἐξουσία,G1849,102
107662,111468,Colossiens,1,16,τὰ,ὁ,G3588,19785
107663,111469,Colossiens,1,16,πάντα,πᾶς,G3956,1236
107664,111470,Colossiens,1,16,δι᾽,διά,G1223,666
107665,111471,Colossiens,1,16,αὐτοῦ,αὐτός,G0846,5558
107666,111472,Colossiens,1,16,καὶ,καί,G2532,9108
107667,111473,Colossiens,1,16,εἰς,εἰς,G1519,1757
107668,111474,Colossiens,1,16,αὐτὸν,αὐτός,G0846,5558
107669,111475,Colossiens,1,16,ἔκτισται,κτίζω,G2936,15
107670,111476,Colossiens,1,17,καὶ,καί,G2532,9108
107671,111477,Colossiens,1,17,αὐτός,αὐτός,G0846,5558
107672,111478,Colossiens,1,17,ἐστιν,εἰμί,G1510,2458
107673,111479,Colossiens,1,17,πρὸ,πρό,G4253,47
107674,111480,Colossiens,1,17,πάντων,πᾶς,G3956,1236
107675,111481,Colossiens,1,17,καὶ,καί,G2532,9108
107676,111482,Colossiens,1,17,τὰ,ὁ,G3588,19785
107677,111483,Colossiens,1,17,πάντα,πᾶς,G3956,1236
107678,111484,Colossiens,1,17,ἐν,ἐν,G1722,2728
107679,111485,Colossiens,1,17,αὐτῷ,αὐτός,G0846,5558
107680,111486,Colossiens,1,17,συνέστηκεν,συνίστημι,G4921,16
107681,111487,Colossiens,1,18,καὶ,καί,G2532,9108
107682,111488,Colossiens,1,18,αὐτός,αὐτός,G0846,5558
107683,111489,Colossiens,1,18,ἐστιν,εἰμί,G1510,2458
107684,111490,Colossiens,1,18,ἡ,ὁ,G3588,19785
107685,111491,Colossiens,1,18,κεφαλὴ,κεφαλή,G2776,75
107686,111492,Colossiens,1,18,τοῦ,ὁ,G3588,19785
107687,111493,Colossiens,1,18,σώματος,σῶμα,G4983,142
107688,111494,Colossiens,1,18,τῆς,ὁ,G3588,19785
107689,111495,Colossiens,1,18,ἐκκλησίας,ἐκκλησία,G1577,114
107690,111496,Colossiens,1,18,ὅς,ὅς,G3739,1408
107691,111497,Colossiens,1,18,ἐστιν,εἰμί,G1510,2458
107692,111499,Colossiens,1,18,ἀρχή,ἀρχή,G0746,55
107693,111500,Colossiens,1,18,πρωτότοκος,πρωτότοκος,G4416,8
107694,111501,Colossiens,1,18,ἐκ,ἐκ,G1537,912
107695,111502,Colossiens,1,18,τῶν,ὁ,G3588,19785
107696,111503,Colossiens,1,18,νεκρῶν,νεκρός,G3498,128
107697,111504,Colossiens,1,18,ἵνα,ἵνα,G2443,668
107698,111505,Colossiens,1,18,γένηται,γίνομαι,G1096,662
107699,111506,Colossiens,1,18,ἐν,ἐν,G1722,2728
107700,111507,Colossiens,1,18,πᾶσιν,πᾶς,G3956,1236
107701,111508,Colossiens,1,18,αὐτὸς,αὐτός,G0846,5558
107702,111509,Colossiens,1,18,πρωτεύων,πρωτεύω,G4409,1
107703,111510,Colossiens,1,19,ὅτι,ὅτι,G3754,1291
107704,111511,Colossiens,1,19,ἐν,ἐν,G1722,2728
107705,111512,Colossiens,1,19,αὐτῷ,αὐτός,G0846,5558
107706,111513,Colossiens,1,19,εὐδόκησεν,εὐδοκέω,G2106,21
107707,111514,Colossiens,1,19,πᾶν,πᾶς,G3956,1236
107708,111515,Colossiens,1,19,τὸ,ὁ,G3588,19785
107709,111516,Colossiens,1,19,πλήρωμα,πλήρωμα,G4138,17
107710,111517,Colossiens,1,19,κατοικῆσαι,κατοικέω,G2730,44
107711,111518,Colossiens,1,20,καὶ,καί,G2532,9108
107712,111519,Colossiens,1,20,δι᾽,διά,G1223,666
107713,111520,Colossiens,1,20,αὐτοῦ,αὐτός,G0846,5558
107714,111521,Colossiens,1,20,ἀποκαταλλάξαι,ἀποκαταλλάσσω,G0604,3
107715,111522,Colossiens,1,20,τὰ,ὁ,G3588,19785
107716,111523,Colossiens,1,20,πάντα,πᾶς,G3956,1236
107717,111524,Colossiens,1,20,εἰς,εἰς,G1519,1757
107718,111525,Colossiens,1,20,αὐτόν,αὐτός,G0846,5558
107719,111526,Colossiens,1,20,εἰρηνοποιήσας,εἰρηνοποιέω,G1517,1
107720,111527,Colossiens,1,20,διὰ,διά,G1223,666
107721,111528,Colossiens,1,20,τοῦ,ὁ,G3588,19785
107722,111529,Colossiens,1,20,αἵματος,αἷμα,G0129,97
107723,111530,Colossiens,1,20,τοῦ,ὁ,G3588,19785
107724,111531,Colossiens,1,20,σταυροῦ,σταυρός,G4716,27
107725,111532,Colossiens,1,20,αὐτοῦ,αὐτός,G0846,5558
107726,111533,Colossiens,1,20,δι᾽,διά,G1223,666
107727,111534,Colossiens,1,20,αὐτοῦ,αὐτός,G0846,5558
107728,111535,Colossiens,1,20,εἴτε,εἴτε,G1535,65
107729,111536,Colossiens,1,20,τὰ,ὁ,G3588,19785
107730,111537,Colossiens,1,20,ἐπὶ,ἐπί,G1909,884
107731,111538,Colossiens,1,20,τῆς,ὁ,G3588,19785
107732,111539,Colossiens,1,20,γῆς,γῆ,G1093,247
107733,111540,Colossiens,1,20,εἴτε,εἴτε,G1535,65
107734,111541,Colossiens,1,20,τὰ,ὁ,G3588,19785
107735,111542,Colossiens,1,20,ἐν,ἐν,G1722,2728
107736,111543,Colossiens,1,20,τοῖς,ὁ,G3588,19785
107737,111544,Colossiens,1,20,οὐρανοῖς,οὐρανός,G3772,273
107738,111545,Colossiens,1,21,καὶ,καί,G2532,9108
107739,111546,Colossiens,1,21,ὑμᾶς,σύ,G4771,2896
107740,111547,Colossiens,1,21,ποτε,ποτέ,G4218,29
107741,111548,Colossiens,1,21,ὄντας,εἰμί,G1510,2458
107742,111549,Colossiens,1,21,ἀπηλλοτριωμένους,ἀπαλλοτριόω,G0526,3
107743,111550,Colossiens,1,21,καὶ,καί,G2532,9108
107744,111551,Colossiens,1,21,ἐχθροὺς,ἐχθρός,G2190,32
107745,111552,Colossiens,1,21,τῆ,ὁ,G3588,19785
107746,111553,Colossiens,1,21,διανοίᾳ,διάνοια,G1271,12
107747,111554,Colossiens,1,21,ἐν,ἐν,G1722,2728
107748,111555,Colossiens,1,21,τοῖς,ὁ,G3588,19785
107749,111556,Colossiens,1,21,ἔργοις,ἔργον,G2041,169
107750,111557,Colossiens,1,21,τοῖς,ὁ,G3588,19785
107751,111558,Colossiens,1,21,πονηροῖς,πονηρός,G4190,77
107752,111559,Colossiens,1,22,νυνὶ,νυνί,G3570,20
107753,111560,Colossiens,1,22,δὲ,δέ,G1161,2771
107754,111561,Colossiens,1,22,ἀποκατήλλαξεν,ἀποκαταλλάσσω,G0604,3
107755,111562,Colossiens,1,22,ἐν,ἐν,G1722,2728
107756,111563,Colossiens,1,22,τῷ,ὁ,G3588,19785
107757,111564,Colossiens,1,22,σώματι,σῶμα,G4983,142
107758,111565,Colossiens,1,22,τῆς,ὁ,G3588,19785
107759,111566,Colossiens,1,22,σαρκὸς,σάρξ,G4561,147
107760,111567,Colossiens,1,22,αὐτοῦ,αὐτός,G0846,5558
107761,111568,Colossiens,1,22,διὰ,διά,G1223,666
107762,111569,Colossiens,1,22,τοῦ,ὁ,G3588,19785
107763,111570,Colossiens,1,22,θανάτου,θάνατος,G2288,120
107764,111571,Colossiens,1,22,παραστῆσαι,παρίστημι,G3936,41
107765,111572,Colossiens,1,22,ὑμᾶς,σύ,G4771,2896
107766,111573,Colossiens,1,22,ἁγίους,ἅγιος,G0040,224
107767,111574,Colossiens,1,22,καὶ,καί,G2532,9108
107768,111575,Colossiens,1,22,ἀμώμους,ἄμωμος,G0299,8
107769,111576,Colossiens,1,22,καὶ,καί,G2532,9108
107770,111577,Colossiens,1,22,ἀνεγκλήτους,ἀνέγκλητος,G0410,5
107771,111578,Colossiens,1,22,κατενώπιον,κατενώπιον,G2714,3
107772,111579,Colossiens,1,22,αὐτοῦ,αὐτός,G0846,5558
107773,111580,Colossiens,1,23,Εἴ,εἰ,G1487,506
107774,111581,Colossiens,1,23,γε,γέ,G1065,26
107775,111582,Colossiens,1,23,ἐπιμένετε,ἐπιμένω,G1961,15
107776,111583,Colossiens,1,23,τῆ,ὁ,G3588,19785
107777,111584,Colossiens,1,23,πίστει,πίστις,G4102,242
107778,111585,Colossiens,1,23,τεθεμελιωμένοι,θεμελιόω,G2311,5
107779,111586,Colossiens,1,23,καὶ,καί,G2532,9108
107780,111587,Colossiens,1,23,ἑδραῖοι,ἑδραῖος,G1476,3
107781,111588,Colossiens,1,23,καὶ,καί,G2532,9108
107782,111589,Colossiens,1,23,μὴ,μή,G3361,1065
107783,111590,Colossiens,1,23,μετακινούμενοι,μετακινέω,G3334,1
107784,111591,Colossiens,1,23,ἀπὸ,ἀπό,G0575,640
107785,111592,Colossiens,1,23,τῆς,ὁ,G3588,19785
107786,111593,Colossiens,1,23,ἐλπίδος,ἐλπίς,G1680,53
107787,111594,Colossiens,1,23,τοῦ,ὁ,G3588,19785
107788,111595,Colossiens,1,23,εὐαγγελίου,εὐαγγέλιον,G2098,76
107789,111596,Colossiens,1,23,οὗ,ὅς,G3739,1408
107790,111597,Colossiens,1,23,ἠκούσατε,ἀκούω,G0191,426
107791,111598,Colossiens,1,23,τοῦ,ὁ,G3588,19785
107792,111599,Colossiens,1,23,κηρυχθέντος,κηρύσσω,G2784,61
107793,111600,Colossiens,1,23,ἐν,ἐν,G1722,2728
107794,111601,Colossiens,1,23,πάσῃ,πᾶς,G3956,1236
107795,111603,Colossiens,1,23,κτίσει,κτίσις,G2937,19
107796,111604,Colossiens,1,23,τῆ,ὁ,G3588,19785
107797,111605,Colossiens,1,23,ὑπὸ,ὑπό,G5259,219
107798,111606,Colossiens,1,23,τὸν,ὁ,G3588,19785
107799,111607,Colossiens,1,23,οὐρανόν,οὐρανός,G3772,273
107800,111608,Colossiens,1,23,οὗ,ὅς,G3739,1408
107801,111609,Colossiens,1,23,ἐγενόμην,γίνομαι,G1096,662
107802,111610,Colossiens,1,23,ἐγὼ,ἐγώ,G1473,2462
107803,111611,Colossiens,1,23,Παῦλος,Παῦλος,G3972,158
107804,111612,Colossiens,1,23,διάκονος,διάκονος,G1249,30
107805,111613,Colossiens,1,24,Νῦν,νῦν,G3568,144
107806,111614,Colossiens,1,24,χαίρω,χαίρω,G5463,74
107807,111615,Colossiens,1,24,ἐν,ἐν,G1722,2728
107808,111616,Colossiens,1,24,τοῖς,ὁ,G3588,19785
107809,111617,Colossiens,1,24,παθήμασιν,πάθημα,G3804,16
107810,111619,Colossiens,1,24,ὑπὲρ,ὑπέρ,G5228,153
107811,111620,Colossiens,1,24,ὑμῶν,σύ,G4771,2896
107812,111621,Colossiens,1,24,καὶ,καί,G2532,9108
107813,111622,Colossiens,1,24,ἀνταναπληρῶ,ἀνταναπληρόω,G0466,1
107814,111623,Colossiens,1,24,τὰ,ὁ,G3588,19785
107815,111624,Colossiens,1,24,ὑστερήματα,ὑστέρημα,G5303,9
107816,111625,Colossiens,1,24,τῶν,ὁ,G3588,19785
107817,111626,Colossiens,1,24,θλίψεων,θλῖψις,G2347,45
107818,111627,Colossiens,1,24,τοῦ,ὁ,G3588,19785
107819,111628,Colossiens,1,24,Χριστοῦ,Χριστός,G5547,529
107820,111629,Colossiens,1,24,ἐν,ἐν,G1722,2728
107821,111630,Colossiens,1,24,τῆ,ὁ,G3588,19785
107822,111631,Colossiens,1,24,σαρκί,σάρξ,G4561,147
107823,111632,Colossiens,1,24,μου,ἐγώ,G1473,2462
107824,111633,Colossiens,1,24,ὑπὲρ,ὑπέρ,G5228,153
107825,111634,Colossiens,1,24,τοῦ,ὁ,G3588,19785
107826,111635,Colossiens,1,24,σώματος,σῶμα,G4983,142
107827,111636,Colossiens,1,24,αὐτοῦ,αὐτός,G0846,5558
107828,111637,Colossiens,1,24,ὅ,ὅς,G3739,1408
107829,111638,Colossiens,1,24,ἐστιν,εἰμί,G1510,2458
107830,111639,Colossiens,1,24,ἡ,ὁ,G3588,19785
107831,111640,Colossiens,1,24,ἐκκλησία,ἐκκλησία,G1577,114
107832,111641,Colossiens,1,25,ἧς,ὅς,G3739,1408
107833,111642,Colossiens,1,25,ἐγενόμην,γίνομαι,G1096,662
107834,111643,Colossiens,1,25,ἐγὼ,ἐγώ,G1473,2462
107835,111644,Colossiens,1,25,διάκονος,διάκονος,G1249,30
107836,111645,Colossiens,1,25,κατὰ,κατά,G2596,472
107837,111646,Colossiens,1,25,τὴν,ὁ,G3588,19785
107838,111647,Colossiens,1,25,οἰκονομίαν,οἰκονομία,G3622,9
107839,111648,Colossiens,1,25,τοῦ,ὁ,G3588,19785
107840,111649,Colossiens,1,25,θεοῦ,θεός,G2316,1311
107841,111650,Colossiens,1,25,τὴν,ὁ,G3588,19785
107842,111651,Colossiens,1,25,δοθεῖσάν,δίδωμι,G1325,409
107843,111652,Colossiens,1,25,μοι,ἐγώ,G1473,2462
107844,111653,Colossiens,1,25,εἰς,εἰς,G1519,1757
107845,111654,Colossiens,1,25,ὑμᾶς,σύ,G4771,2896
107846,111655,Colossiens,1,25,πληρῶσαι,πληρόω,G4137,85
107847,111656,Colossiens,1,25,τὸν,ὁ,G3588,19785
107848,111657,Colossiens,1,25,λόγον,λόγος,G3056,330
107849,111658,Colossiens,1,25,τοῦ,ὁ,G3588,19785
107850,111659,Colossiens,1,25,θεοῦ,θεός,G2316,1311
107851,111660,Colossiens,1,26,τὸ,ὁ,G3588,19785
107852,111661,Colossiens,1,26,μυστήριον,μυστήριον,G3466,27
107853,111662,Colossiens,1,26,τὸ,ὁ,G3588,19785
107854,111663,Colossiens,1,26,ἀποκεκρυμμένον,ἀποκρύπτω,G0613,4
107855,111664,Colossiens,1,26,ἀπὸ,ἀπό,G0575,640
107856,111665,Colossiens,1,26,τῶν,ὁ,G3588,19785
107857,111666,Colossiens,1,26,αἰώνων,αἰών,G0165,123
107858,111667,Colossiens,1,26,καὶ,καί,G2532,9108
107859,111668,Colossiens,1,26,ἀπὸ,ἀπό,G0575,640
107860,111669,Colossiens,1,26,τῶν,ὁ,G3588,19785
107861,111670,Colossiens,1,26,γενεῶν,γενεά,G1074,43
107862,111671,Colossiens,1,26,νῦν,νῦν,G3568,144
107863,111672,Colossiens,1,26,δὲ,δέ,G1161,2771
107864,111673,Colossiens,1,26,ἐφανερώθη,φανερόω,G5319,49
107865,111674,Colossiens,1,26,τοῖς,ὁ,G3588,19785
107866,111675,Colossiens,1,26,ἁγίοις,ἅγιος,G0040,224
107867,111676,Colossiens,1,26,αὐτοῦ,αὐτός,G0846,5558
107868,111677,Colossiens,1,27,οἷς,ὅς,G3739,1408
107869,111678,Colossiens,1,27,ἠθέλησεν,θέλω,G2309,208
107870,111679,Colossiens,1,27,ὁ,ὁ,G3588,19785
107871,111680,Colossiens,1,27,θεὸς,θεός,G2316,1311
107872,111681,Colossiens,1,27,γνωρίσαι,γνωρίζω,G1107,25
107873,111682,Colossiens,1,27,τί,τίς,G5101,558
107874,111683,Colossiens,1,27,τὸ,ὁ,G3588,19785
107875,111684,Colossiens,1,27,πλοῦτος,πλοῦτος,G4149,22
107876,111685,Colossiens,1,27,τῆς,ὁ,G3588,19785
107877,111686,Colossiens,1,27,δόξης,δόξα,G1391,166
107878,111687,Colossiens,1,27,τοῦ,ὁ,G3588,19785
107879,111688,Colossiens,1,27,μυστηρίου,μυστήριον,G3466,27
107880,111689,Colossiens,1,27,τούτου,οὗτος,G3778,1380
107881,111690,Colossiens,1,27,ἐν,ἐν,G1722,2728
107882,111691,Colossiens,1,27,τοῖς,ὁ,G3588,19785
107883,111692,Colossiens,1,27,ἔθνεσιν,ἔθνος,G1484,163
107884,111693,Colossiens,1,27,ὅ,ὅς,G3739,1408
107885,111694,Colossiens,1,27,ἐστιν,εἰμί,G1510,2458
107886,111695,Colossiens,1,27,Χριστὸς,Χριστός,G5547,529
107887,111696,Colossiens,1,27,ἐν,ἐν,G1722,2728
107888,111697,Colossiens,1,27,ὑμῖν,σύ,G4771,2896
107889,111698,Colossiens,1,27,ἡ,ὁ,G3588,19785
107890,111699,Colossiens,1,27,ἐλπὶς,ἐλπίς,G1680,53
107891,111700,Colossiens,1,27,τῆς,ὁ,G3588,19785
107892,111701,Colossiens,1,27,δόξης,δόξα,G1391,166
107893,111702,Colossiens,1,28,ὃν,ὅς,G3739,1408
107894,111703,Colossiens,1,28,ἡμεῖς,ἐγώ,G1473,2462
107895,111704,Colossiens,1,28,καταγγέλλομεν,καταγγέλλω,G2605,18
107896,111705,Colossiens,1,28,νουθετοῦντες,νουθετέω,G3560,7
107897,111706,Colossiens,1,28,πάντα,πᾶς,G3956,1236
107898,111707,Colossiens,1,28,ἄνθρωπον,ἄνθρωπος,G0444,549
107899,111708,Colossiens,1,28,καὶ,καί,G2532,9108
107900,111709,Colossiens,1,28,διδάσκοντες,διδάσκω,G1321,96
107901,111710,Colossiens,1,28,πάντα,πᾶς,G3956,1236
107902,111711,Colossiens,1,28,ἄνθρωπον,ἄνθρωπος,G0444,549
107903,111712,Colossiens,1,28,ἐν,ἐν,G1722,2728
107904,111713,Colossiens,1,28,πάσῃ,πᾶς,G3956,1236
107905,111714,Colossiens,1,28,σοφίᾳ,σοφία,G4678,51
107906,111715,Colossiens,1,28,ἵνα,ἵνα,G2443,668
107907,111716,Colossiens,1,28,παραστήσωμεν,παρίστημι,G3936,41
107908,111717,Colossiens,1,28,πάντα,πᾶς,G3956,1236
107909,111718,Colossiens,1,28,ἄνθρωπον,ἄνθρωπος,G0444,549
107910,111719,Colossiens,1,28,τέλειον,τέλειος,G5046,19
107911,111720,Colossiens,1,28,ἐν,ἐν,G1722,2728
107912,111721,Colossiens,1,28,Χριστῷ,Χριστός,G5547,529
107913,111723,Colossiens,1,29,εἰς,εἰς,G1519,1757
107914,111724,Colossiens,1,29,ὃ,ὅς,G3739,1408
107915,111725,Colossiens,1,29,καὶ,καί,G2532,9108
107916,111726,Colossiens,1,29,κοπιῶ,κοπιάω,G2872,22
107917,111727,Colossiens,1,29,ἀγωνιζόμενος,ἀγωνίζομαι,G0075,8
107918,111728,Colossiens,1,29,κατὰ,κατά,G2596,472
107919,111729,Colossiens,1,29,τὴν,ὁ,G3588,19785
107920,111730,Colossiens,1,29,ἐνέργειαν,ἐνέργεια,G1753,8
107921,111731,Colossiens,1,29,αὐτοῦ,αὐτός,G0846,5558
107922,111732,Colossiens,1,29,τὴν,ὁ,G3588,19785
107923,111733,Colossiens,1,29,ἐνεργουμένην,ἐνεργέω,G1754,21
107924,111734,Colossiens,1,29,ἐν,ἐν,G1722,2728
107925,111735,Colossiens,1,29,ἐμοὶ,ἐγώ,G1473,2462
107926,111736,Colossiens,1,29,ἐν,ἐν,G1722,2728
107927,111737,Colossiens,1,29,δυνάμει,δύναμις,G1411,119
107928,111738,Colossiens,2,1,Θέλω,θέλω,G2309,208
107929,111739,Colossiens,2,1,γὰρ,γάρ,G1063,1039
107930,111740,Colossiens,2,1,ὑμᾶς,σύ,G4771,2896
107931,111741,Colossiens,2,1,εἰδέναι,εἴδω,G6063,280
107932,111742,Colossiens,2,1,ἡλίκον,ἡλίκος,G2245,3
107933,111743,Colossiens,2,1,ἀγῶνα,ἀγών,G0073,6
107934,111744,Colossiens,2,1,ἔχω,ἔχω,G2192,706
107935,111745,Colossiens,2,1,ὑπὲρ,ὑπέρ,G5228,153
107936,111746,Colossiens,2,1,ὑμῶν,σύ,G4771,2896
107937,111747,Colossiens,2,1,καὶ,καί,G2532,9108
107938,111748,Colossiens,2,1,τῶν,ὁ,G3588,19785
107939,111749,Colossiens,2,1,ἐν,ἐν,G1722,2728
107940,111750,Colossiens,2,1,Λαοδικείᾳ,Λαοδίκεια,G2993,6
107941,111751,Colossiens,2,1,καὶ,καί,G2532,9108
107942,111752,Colossiens,2,1,ὅσοι,ὅσος,G3745,110
107943,111753,Colossiens,2,1,οὐχ,οὐ,G3756,1667
107944,111754,Colossiens,2,1,ἑόρακαν,ὁράω,G3708,113
107945,111755,Colossiens,2,1,τὸ,ὁ,G3588,19785
107946,111756,Colossiens,2,1,πρόσωπόν,πρόσωπον,G4383,76
107947,111757,Colossiens,2,1,μου,ἐγώ,G1473,2462
107948,111758,Colossiens,2,1,ἐν,ἐν,G1722,2728
107949,111759,Colossiens,2,1,σαρκί,σάρξ,G4561,147
107950,111760,Colossiens,2,2,ἵνα,ἵνα,G2443,668
107951,111761,Colossiens,2,2,παρακληθῶσιν,παρακαλέω,G3870,108
107952,111762,Colossiens,2,2,αἱ,ὁ,G3588,19785
107953,111763,Colossiens,2,2,καρδίαι,καρδία,G2588,155
107954,111764,Colossiens,2,2,αὐτῶν,αὐτός,G0846,5558
107955,111765,Colossiens,2,2,συμβιβασθέντες,συμβιβάζω,G4822,7
107956,111766,Colossiens,2,2,ἐν,ἐν,G1722,2728
107957,111767,Colossiens,2,2,ἀγάπῃ,ἀγάπη,G0026,116
107958,111768,Colossiens,2,2,καὶ,καί,G2532,9108
107959,111769,Colossiens,2,2,εἰς,εἰς,G1519,1757
107960,111770,Colossiens,2,2,πᾶν,πᾶς,G3956,1236
107961,111772,Colossiens,2,2,πλοῦτος,πλοῦτος,G4149,22
107962,111773,Colossiens,2,2,τῆς,ὁ,G3588,19785
107963,111774,Colossiens,2,2,πληροφορίας,πληροφορία,G4136,4
107964,111775,Colossiens,2,2,τῆς,ὁ,G3588,19785
107965,111776,Colossiens,2,2,συνέσεως,σύνεσις,G4907,7
107966,111777,Colossiens,2,2,εἰς,εἰς,G1519,1757
107967,111778,Colossiens,2,2,ἐπίγνωσιν,ἐπίγνωσις,G1922,20
107968,111779,Colossiens,2,2,τοῦ,ὁ,G3588,19785
107969,111780,Colossiens,2,2,μυστηρίου,μυστήριον,G3466,27
107970,111781,Colossiens,2,2,τοῦ,ὁ,G3588,19785
107971,111782,Colossiens,2,2,θεοῦ,θεός,G2316,1311
107972,111784,Colossiens,2,2,πατρὸς,πατήρ,G3962,414
107973,111786,Colossiens,2,2,τοῦ,ὁ,G3588,19785
107974,111787,Colossiens,2,2,Χριστοῦ,Χριστός,G5547,529
107975,111788,Colossiens,2,3,ἐν,ἐν,G1722,2728
107976,111789,Colossiens,2,3,ᾧ,ὅς,G3739,1408
107977,111790,Colossiens,2,3,εἰσιν,εἰμί,G1510,2458
107978,111791,Colossiens,2,3,πάντες,πᾶς,G3956,1236
107979,111792,Colossiens,2,3,οἱ,ὁ,G3588,19785
107980,111793,Colossiens,2,3,θησαυροὶ,θησαυρός,G2344,17
107981,111794,Colossiens,2,3,τῆς,ὁ,G3588,19785
107982,111795,Colossiens,2,3,σοφίας,σοφία,G4678,51
107983,111796,Colossiens,2,3,καὶ,καί,G2532,9108
107984,111798,Colossiens,2,3,γνώσεως,γνῶσις,G1108,29
107985,111799,Colossiens,2,3,ἀπόκρυφοι,ἀπόκρυφος,G0614,3
107986,111800,Colossiens,2,4,τοῦτο,οὗτος,G3778,1380
107987,111802,Colossiens,2,4,λέγω,λέγω,G3004,1318
107988,111803,Colossiens,2,4,ἵνα,ἵνα,G2443,668
107989,111804,Colossiens,2,4,μηδεὶς,μηδείς,G3367,90
107990,111805,Colossiens,2,4,ὑμᾶς,σύ,G4771,2896
107991,111806,Colossiens,2,4,παραλογίζηται,παραλογίζομαι,G3884,2
107992,111807,Colossiens,2,4,ἐν,ἐν,G1722,2728
107993,111808,Colossiens,2,4,πιθανολογίᾳ,πιθανολογία,G4086,1
107994,111809,Colossiens,2,5,εἰ,εἰ,G1487,506
107995,111810,Colossiens,2,5,γὰρ,γάρ,G1063,1039
107996,111811,Colossiens,2,5,καὶ,καί,G2532,9108
107997,111812,Colossiens,2,5,τῆ,ὁ,G3588,19785
107998,111813,Colossiens,2,5,σαρκὶ,σάρξ,G4561,147
107999,111814,Colossiens,2,5,ἄπειμι,ἄπειμι,G0548,7
108000,111815,Colossiens,2,5,ἀλλὰ,ἀλλά,G0235,638
108001,111816,Colossiens,2,5,τῷ,ὁ,G3588,19785
108002,111817,Colossiens,2,5,πνεύματι,πνεῦμα,G4151,378
108003,111818,Colossiens,2,5,σὺν,σύν,G4862,127
108004,111819,Colossiens,2,5,ὑμῖν,σύ,G4771,2896
108005,111820,Colossiens,2,5,εἰμι,εἰμί,G1510,2458
108006,111821,Colossiens,2,5,χαίρων,χαίρω,G5463,74
108007,111822,Colossiens,2,5,καὶ,καί,G2532,9108
108008,111823,Colossiens,2,5,βλέπων,βλέπω,G0991,132
108009,111824,Colossiens,2,5,ὑμῶν,σύ,G4771,2896
108010,111825,Colossiens,2,5,τὴν,ὁ,G3588,19785
108011,111826,Colossiens,2,5,τάξιν,τάξις,G5010,9
108012,111827,Colossiens,2,5,καὶ,καί,G2532,9108
108013,111828,Colossiens,2,5,τὸ,ὁ,G3588,19785
108014,111829,Colossiens,2,5,στερέωμα,στερέωμα,G4733,1
108015,111830,Colossiens,2,5,τῆς,ὁ,G3588,19785
108016,111831,Colossiens,2,5,εἰς,εἰς,G1519,1757
108017,111832,Colossiens,2,5,Χριστὸν,Χριστός,G5547,529
108018,111833,Colossiens,2,5,πίστεως,πίστις,G4102,242
108019,111834,Colossiens,2,5,ὑμῶν,σύ,G4771,2896
108020,111835,Colossiens,2,6,Ὡς,ὡς,G5613,501
108021,111836,Colossiens,2,6,οὖν,οὖν,G3767,494
108022,111837,Colossiens,2,6,παρελάβετε,παραλαμβάνω,G3880,49
108023,111838,Colossiens,2,6,τὸν,ὁ,G3588,19785
108024,111839,Colossiens,2,6,Χριστὸν,Χριστός,G5547,529
108025,111840,Colossiens,2,6,Ἰησοῦν,Ἰησοῦς,G2424,910
108026,111841,Colossiens,2,6,τὸν,ὁ,G3588,19785
108027,111842,Colossiens,2,6,κύριον,κύριος,G2962,716
108028,111843,Colossiens,2,6,ἐν,ἐν,G1722,2728
108029,111844,Colossiens,2,6,αὐτῷ,αὐτός,G0846,5558
108030,111845,Colossiens,2,6,περιπατεῖτε,περιπατέω,G4043,95
108031,111846,Colossiens,2,7,ἐρριζωμένοι,ῥιζόω,G4492,2
108032,111847,Colossiens,2,7,καὶ,καί,G2532,9108
108033,111848,Colossiens,2,7,ἐποικοδομούμενοι,ἐποικοδομέω,G2026,7
108034,111849,Colossiens,2,7,ἐν,ἐν,G1722,2728
108035,111850,Colossiens,2,7,αὐτῷ,αὐτός,G0846,5558
108036,111851,Colossiens,2,7,καὶ,καί,G2532,9108
108037,111852,Colossiens,2,7,βεβαιούμενοι,βεβαιόω,G0950,8
108038,111853,Colossiens,2,7,ἐν,ἐν,G1722,2728
108039,111854,Colossiens,2,7,τῆ,ὁ,G3588,19785
108040,111855,Colossiens,2,7,πίστει,πίστις,G4102,242
108041,111856,Colossiens,2,7,καθὼς,καθώς,G2531,182
108042,111857,Colossiens,2,7,ἐδιδάχθητε,διδάσκω,G1321,96
108043,111858,Colossiens,2,7,περισσεύοντες,περισσεύω,G4052,39
108044,111859,Colossiens,2,7,ἐν,ἐν,G1722,2728
108045,111862,Colossiens,2,7,εὐχαριστίᾳ,εὐχαριστία,G2169,15
108046,111863,Colossiens,2,8,Βλέπετε,βλέπω,G0991,132
108047,111864,Colossiens,2,8,μή,μή,G3361,1065
108048,111865,Colossiens,2,8,τις,τις,G5100,525
108049,111866,Colossiens,2,8,ὑμᾶς,σύ,G4771,2896
108050,111867,Colossiens,2,8,ἔσται,εἰμί,G1510,2458
108051,111868,Colossiens,2,8,ὁ,ὁ,G3588,19785
108052,111869,Colossiens,2,8,συλαγωγῶν,συλαγωγέω,G4812,1
108053,111870,Colossiens,2,8,διὰ,διά,G1223,666
108054,111871,Colossiens,2,8,τῆς,ὁ,G3588,19785
108055,111872,Colossiens,2,8,φιλοσοφίας,φιλοσοφία,G5385,1
108056,111873,Colossiens,2,8,καὶ,καί,G2532,9108
108057,111874,Colossiens,2,8,κενῆς,κενός,G2756,18
108058,111875,Colossiens,2,8,ἀπάτης,ἀπάτη,G0539,7
108059,111876,Colossiens,2,8,κατὰ,κατά,G2596,472
108060,111877,Colossiens,2,8,τὴν,ὁ,G3588,19785
108061,111878,Colossiens,2,8,παράδοσιν,παράδοσις,G3862,13
108062,111879,Colossiens,2,8,τῶν,ὁ,G3588,19785
108063,111880,Colossiens,2,8,ἀνθρώπων,ἄνθρωπος,G0444,549
108064,111881,Colossiens,2,8,κατὰ,κατά,G2596,472
108065,111882,Colossiens,2,8,τὰ,ὁ,G3588,19785
108066,111883,Colossiens,2,8,στοιχεῖα,στοιχεῖον,G4747,7
108067,111884,Colossiens,2,8,τοῦ,ὁ,G3588,19785
108068,111885,Colossiens,2,8,κόσμου,κόσμος,G2889,185
108069,111886,Colossiens,2,8,καὶ,καί,G2532,9108
108070,111887,Colossiens,2,8,οὐ,οὐ,G3756,1667
108071,111888,Colossiens,2,8,κατὰ,κατά,G2596,472
108072,111889,Colossiens,2,8,Χριστόν,Χριστός,G5547,529
108073,111890,Colossiens,2,9,ὅτι,ὅτι,G3754,1291
108074,111891,Colossiens,2,9,ἐν,ἐν,G1722,2728
108075,111892,Colossiens,2,9,αὐτῷ,αὐτός,G0846,5558
108076,111893,Colossiens,2,9,κατοικεῖ,κατοικέω,G2730,44
108077,111894,Colossiens,2,9,πᾶν,πᾶς,G3956,1236
108078,111895,Colossiens,2,9,τὸ,ὁ,G3588,19785
108079,111896,Colossiens,2,9,πλήρωμα,πλήρωμα,G4138,17
108080,111897,Colossiens,2,9,τῆς,ὁ,G3588,19785
108081,111898,Colossiens,2,9,θεότητος,θεότης,G2320,1
108082,111899,Colossiens,2,9,σωματικῶς,σωματικῶς,G4985,1
108083,111900,Colossiens,2,10,καὶ,καί,G2532,9108
108084,111901,Colossiens,2,10,ἐστὲ,εἰμί,G1510,2458
108085,111902,Colossiens,2,10,ἐν,ἐν,G1722,2728
108086,111903,Colossiens,2,10,αὐτῷ,αὐτός,G0846,5558
108087,111904,Colossiens,2,10,πεπληρωμένοι,πληρόω,G4137,85
108088,111905,Colossiens,2,10,ὅς,ὅς,G3739,1408
108089,111906,Colossiens,2,10,ἐστιν,εἰμί,G1510,2458
108090,111907,Colossiens,2,10,ἡ,ὁ,G3588,19785
108091,111908,Colossiens,2,10,κεφαλὴ,κεφαλή,G2776,75
108092,111909,Colossiens,2,10,πάσης,πᾶς,G3956,1236
108093,111910,Colossiens,2,10,ἀρχῆς,ἀρχή,G0746,55
108094,111911,Colossiens,2,10,καὶ,καί,G2532,9108
108095,111912,Colossiens,2,10,ἐξουσίας,ἐξουσία,G1849,102
108096,111913,Colossiens,2,11,ἐν,ἐν,G1722,2728
108097,111914,Colossiens,2,11,ᾧ,ὅς,G3739,1408
108098,111915,Colossiens,2,11,καὶ,καί,G2532,9108
108099,111916,Colossiens,2,11,περιετμήθητε,περιτέμνω,G4059,16
108100,111917,Colossiens,2,11,περιτομῆ,περιτομή,G4061,36
108101,111918,Colossiens,2,11,ἀχειροποιήτῳ,ἀχειροποίητος,G0886,3
108102,111919,Colossiens,2,11,ἐν,ἐν,G1722,2728
108103,111920,Colossiens,2,11,τῆ,ὁ,G3588,19785
108104,111921,Colossiens,2,11,ἀπεκδύσει,ἀπέκδυσις,G0555,1
108105,111922,Colossiens,2,11,τοῦ,ὁ,G3588,19785
108106,111923,Colossiens,2,11,σώματος,σῶμα,G4983,142
108107,111926,Colossiens,2,11,τῆς,ὁ,G3588,19785
108108,111927,Colossiens,2,11,σαρκός,σάρξ,G4561,147
108109,111928,Colossiens,2,11,ἐν,ἐν,G1722,2728
108110,111929,Colossiens,2,11,τῆ,ὁ,G3588,19785
108111,111930,Colossiens,2,11,περιτομῆ,περιτομή,G4061,36
108112,111931,Colossiens,2,11,τοῦ,ὁ,G3588,19785
108113,111932,Colossiens,2,11,Χριστοῦ,Χριστός,G5547,529
108114,111933,Colossiens,2,12,συνταφέντες,συνθάπτω,G4916,2
108115,111934,Colossiens,2,12,αὐτῷ,αὐτός,G0846,5558
108116,111935,Colossiens,2,12,ἐν,ἐν,G1722,2728
108117,111936,Colossiens,2,12,τῷ,ὁ,G3588,19785
108118,111938,Colossiens,2,12,ἐν,ἐν,G1722,2728
108119,111939,Colossiens,2,12,ᾧ,ὅς,G3739,1408
108120,111940,Colossiens,2,12,καὶ,καί,G2532,9108
108121,111941,Colossiens,2,12,συνηγέρθητε,συνεγείρω,G4891,3
108122,111942,Colossiens,2,12,διὰ,διά,G1223,666
108123,111943,Colossiens,2,12,τῆς,ὁ,G3588,19785
108124,111944,Colossiens,2,12,πίστεως,πίστις,G4102,242
108125,111945,Colossiens,2,12,τῆς,ὁ,G3588,19785
108126,111946,Colossiens,2,12,ἐνεργείας,ἐνέργεια,G1753,8
108127,111947,Colossiens,2,12,τοῦ,ὁ,G3588,19785
108128,111948,Colossiens,2,12,θεοῦ,θεός,G2316,1311
108129,111949,Colossiens,2,12,τοῦ,ὁ,G3588,19785
108130,111950,Colossiens,2,12,ἐγείραντος,ἐγείρω,G1453,143
108131,111951,Colossiens,2,12,αὐτὸν,αὐτός,G0846,5558
108132,111952,Colossiens,2,12,ἐκ,ἐκ,G1537,912
108133,111954,Colossiens,2,12,νεκρῶν,νεκρός,G3498,128
108134,111955,Colossiens,2,13,Καὶ,καί,G2532,9108
108135,111956,Colossiens,2,13,ὑμᾶς,σύ,G4771,2896
108136,111957,Colossiens,2,13,νεκροὺς,νεκρός,G3498,128
108137,111958,Colossiens,2,13,ὄντας,εἰμί,G1510,2458
108138,111959,Colossiens,2,13,ἐν,ἐν,G1722,2728
108139,111960,Colossiens,2,13,τοῖς,ὁ,G3588,19785
108140,111961,Colossiens,2,13,παραπτώμασιν,παράπτωμα,G3900,20
108141,111962,Colossiens,2,13,καὶ,καί,G2532,9108
108142,111963,Colossiens,2,13,τῆ,ὁ,G3588,19785
108143,111964,Colossiens,2,13,ἀκροβυστίᾳ,ἀκροβυστία,G0203,20
108144,111965,Colossiens,2,13,τῆς,ὁ,G3588,19785
108145,111966,Colossiens,2,13,σαρκὸς,σάρξ,G4561,147
108146,111967,Colossiens,2,13,ὑμῶν,σύ,G4771,2896
108147,111968,Colossiens,2,13,συνεζωοποίησεν,συζωοποιέω,G4806,2
108148,111969,Colossiens,2,13,ὑμᾶς,σύ,G4771,2896
108149,111970,Colossiens,2,13,σὺν,σύν,G4862,127
108150,111971,Colossiens,2,13,αὐτῷ,αὐτός,G0846,5558
108151,111972,Colossiens,2,13,χαρισάμενος,χαρίζω,G5483,23
108152,111973,Colossiens,2,13,ἡμῖν,ἐγώ,G1473,2462
108153,111974,Colossiens,2,13,πάντα,πᾶς,G3956,1236
108154,111975,Colossiens,2,13,τὰ,ὁ,G3588,19785
108155,111976,Colossiens,2,13,παραπτώματα,παράπτωμα,G3900,20
108156,111977,Colossiens,2,14,ἐξαλείψας,ἐξαλείφω,G1813,5
108157,111978,Colossiens,2,14,τὸ,ὁ,G3588,19785
108158,111979,Colossiens,2,14,καθ᾽,κατά,G2596,472
108159,111980,Colossiens,2,14,ἡμῶν,ἐγώ,G1473,2462
108160,111981,Colossiens,2,14,χειρόγραφον,χειρόγραφος,G5498,1
108161,111982,Colossiens,2,14,τοῖς,ὁ,G3588,19785
108162,111983,Colossiens,2,14,δόγμασιν,δόγμα,G1378,5
108163,111984,Colossiens,2,14,ὃ,ὅς,G3739,1408
108164,111985,Colossiens,2,14,ἦν,εἰμί,G1510,2458
108165,111986,Colossiens,2,14,ὑπεναντίον,ὑπεναντίος,G5227,2
108166,111987,Colossiens,2,14,ἡμῖν,ἐγώ,G1473,2462
108167,111988,Colossiens,2,14,καὶ,καί,G2532,9108
108168,111989,Colossiens,2,14,αὐτὸ,αὐτός,G0846,5558
108169,111990,Colossiens,2,14,ἦρκεν,αἴρω,G0142,102
108170,111991,Colossiens,2,14,ἐκ,ἐκ,G1537,912
108171,111992,Colossiens,2,14,τοῦ,ὁ,G3588,19785
108172,111993,Colossiens,2,14,μέσου,μέσος,G3319,56
108173,111994,Colossiens,2,14,προσηλώσας,προσηλόω,G4338,1
108174,111995,Colossiens,2,14,αὐτὸ,αὐτός,G0846,5558
108175,111996,Colossiens,2,14,τῷ,ὁ,G3588,19785
108176,111997,Colossiens,2,14,σταυρῷ,σταυρός,G4716,27
108177,111998,Colossiens,2,15,ἀπεκδυσάμενος,ἀπεκδύομαι,G0554,2
108178,111999,Colossiens,2,15,τὰς,ὁ,G3588,19785
108179,112000,Colossiens,2,15,ἀρχὰς,ἀρχή,G0746,55
108180,112001,Colossiens,2,15,καὶ,καί,G2532,9108
108181,112002,Colossiens,2,15,τὰς,ὁ,G3588,19785
108182,112003,Colossiens,2,15,ἐξουσίας,ἐξουσία,G1849,102
108183,112004,Colossiens,2,15,ἐδειγμάτισεν,δειγματίζω,G1165,2
108184,112005,Colossiens,2,15,ἐν,ἐν,G1722,2728
108185,112006,Colossiens,2,15,παρρησίᾳ,παρρησία,G3954,31
108186,112007,Colossiens,2,15,θριαμβεύσας,θριαμβεύω,G2358,2
108187,112008,Colossiens,2,15,αὐτοὺς,αὐτός,G0846,5558
108188,112009,Colossiens,2,15,ἐν,ἐν,G1722,2728
108189,112010,Colossiens,2,15,αὐτῷ,αὐτός,G0846,5558
108190,112011,Colossiens,2,16,Μὴ,μή,G3361,1065
108191,112012,Colossiens,2,16,οὖν,οὖν,G3767,494
108192,112013,Colossiens,2,16,τις,τις,G5100,525
108193,112014,Colossiens,2,16,ὑμᾶς,σύ,G4771,2896
108194,112015,Colossiens,2,16,κρινέτω,κρίνω,G2919,113
108195,112016,Colossiens,2,16,ἐν,ἐν,G1722,2728
108196,112017,Colossiens,2,16,βρώσει,βρῶσις,G1035,11
108197,112019,Colossiens,2,16,ἐν,ἐν,G1722,2728
108198,112020,Colossiens,2,16,πόσει,πόσις,G4213,3
108199,112021,Colossiens,2,16,ἢ,ἤ,G2228,346
108200,112022,Colossiens,2,16,ἐν,ἐν,G1722,2728
108201,112023,Colossiens,2,16,μέρει,μέρος,G3313,42
108202,112024,Colossiens,2,16,ἑορτῆς,ἑορτή,G1859,25
108203,112025,Colossiens,2,16,ἢ,ἤ,G2228,346
108204,112026,Colossiens,2,16,νεομηνίας,νουμηνία,G3561,1
108205,112027,Colossiens,2,16,ἢ,ἤ,G2228,346
108206,112028,Colossiens,2,16,σαββάτων,σάββατον,G4521,68
108207,112029,Colossiens,2,17,ἅ,ὅς,G3739,1408
108208,112030,Colossiens,2,17,ἐστιν,εἰμί,G1510,2458
108209,112031,Colossiens,2,17,σκιὰ,σκιά,G4639,7
108210,112032,Colossiens,2,17,τῶν,ὁ,G3588,19785
108211,112033,Colossiens,2,17,μελλόντων,μέλλω,G3195,108
108212,112034,Colossiens,2,17,τὸ,ὁ,G3588,19785
108213,112035,Colossiens,2,17,δὲ,δέ,G1161,2771
108214,112036,Colossiens,2,17,σῶμα,σῶμα,G4983,142
108215,112037,Colossiens,2,17,τοῦ,ὁ,G3588,19785
108216,112038,Colossiens,2,17,Χριστοῦ,Χριστός,G5547,529
108217,112039,Colossiens,2,18,μηδεὶς,μηδείς,G3367,90
108218,112040,Colossiens,2,18,ὑμᾶς,σύ,G4771,2896
108219,112041,Colossiens,2,18,καταβραβευέτω,καταβραβεύω,G2603,1
108220,112042,Colossiens,2,18,θέλων,θέλω,G2309,208
108221,112043,Colossiens,2,18,ἐν,ἐν,G1722,2728
108222,112044,Colossiens,2,18,ταπεινοφροσύνῃ,ταπεινοφροσύνη,G5012,7
108223,112045,Colossiens,2,18,καὶ,καί,G2532,9108
108224,112046,Colossiens,2,18,θρησκείᾳ,θρησκεία,G2356,4
108225,112047,Colossiens,2,18,τῶν,ὁ,G3588,19785
108226,112048,Colossiens,2,18,ἀγγέλων,ἄγγελος,G0032,175
108227,112049,Colossiens,2,18,ἃ,ὅς,G3739,1408
108228,112051,Colossiens,2,18,ἑόρακεν,ὁράω,G3708,113
108229,112052,Colossiens,2,18,ἐμβατεύων,ἐμβατεύω,G1687,1
108230,112053,Colossiens,2,18,εἰκῆ,εἰκῆ,G1500,6
108231,112054,Colossiens,2,18,φυσιούμενος,φυσιόω,G5448,7
108232,112055,Colossiens,2,18,ὑπὸ,ὑπό,G5259,219
108233,112056,Colossiens,2,18,τοῦ,ὁ,G3588,19785
108234,112057,Colossiens,2,18,νοὸς,νοῦς,G3563,24
108235,112058,Colossiens,2,18,τῆς,ὁ,G3588,19785
108236,112059,Colossiens,2,18,σαρκὸς,σάρξ,G4561,147
108237,112060,Colossiens,2,18,αὐτοῦ,αὐτός,G0846,5558
108238,112061,Colossiens,2,19,καὶ,καί,G2532,9108
108239,112062,Colossiens,2,19,οὐ,οὐ,G3756,1667
108240,112063,Colossiens,2,19,κρατῶν,κρατέω,G2902,47
108241,112064,Colossiens,2,19,τὴν,ὁ,G3588,19785
108242,112065,Colossiens,2,19,κεφαλὴν,κεφαλή,G2776,75
108243,112066,Colossiens,2,19,ἐξ,ἐκ,G1537,912
108244,112067,Colossiens,2,19,οὗ,ὅς,G3739,1408
108245,112068,Colossiens,2,19,πᾶν,πᾶς,G3956,1236
108246,112069,Colossiens,2,19,τὸ,ὁ,G3588,19785
108247,112070,Colossiens,2,19,σῶμα,σῶμα,G4983,142
108248,112071,Colossiens,2,19,διὰ,διά,G1223,666
108249,112072,Colossiens,2,19,τῶν,ὁ,G3588,19785
108250,112073,Colossiens,2,19,ἁφῶν,ἁφή,G0860,2
108251,112074,Colossiens,2,19,καὶ,καί,G2532,9108
108252,112075,Colossiens,2,19,συνδέσμων,σύνδεσμος,G4886,4
108253,112076,Colossiens,2,19,ἐπιχορηγούμενον,ἐπιχορηγέω,G2023,5
108254,112077,Colossiens,2,19,καὶ,καί,G2532,9108
108255,112078,Colossiens,2,19,συμβιβαζόμενον,συμβιβάζω,G4822,7
108256,112079,Colossiens,2,19,αὔξει,αὐξάνω,G0837,23
108257,112080,Colossiens,2,19,τὴν,ὁ,G3588,19785
108258,112081,Colossiens,2,19,αὔξησιν,αὔξησις,G0838,2
108259,112082,Colossiens,2,19,τοῦ,ὁ,G3588,19785
108260,112083,Colossiens,2,19,θεοῦ,θεός,G2316,1311
108261,112084,Colossiens,2,20,Εἰ,εἰ,G1487,506
108262,112086,Colossiens,2,20,ἀπεθάνετε,ἀποθνήσκω,G0599,110
108263,112087,Colossiens,2,20,σὺν,σύν,G4862,127
108264,112089,Colossiens,2,20,Χριστῷ,Χριστός,G5547,529
108265,112090,Colossiens,2,20,ἀπὸ,ἀπό,G0575,640
108266,112091,Colossiens,2,20,τῶν,ὁ,G3588,19785
108267,112092,Colossiens,2,20,στοιχείων,στοιχεῖον,G4747,7
108268,112093,Colossiens,2,20,τοῦ,ὁ,G3588,19785
108269,112094,Colossiens,2,20,κόσμου,κόσμος,G2889,185
108270,112095,Colossiens,2,20,τί,τίς,G5101,558
108271,112096,Colossiens,2,20,ὡς,ὡς,G5613,501
108272,112097,Colossiens,2,20,ζῶντες,ζάω,G2198,139
108273,112098,Colossiens,2,20,ἐν,ἐν,G1722,2728
108274,112099,Colossiens,2,20,κόσμῳ,κόσμος,G2889,185
108275,112100,Colossiens,2,20,δογματίζεσθε,δογματίζω,G1379,1
108276,112101,Colossiens,2,21,μὴ,μή,G3361,1065
108277,112102,Colossiens,2,21,ἅψῃ,ἅπτω,G0681,39
108278,112103,Colossiens,2,21,μηδὲ,μηδέ,G3366,57
108279,112104,Colossiens,2,21,γεύσῃ,γεύω,G1089,15
108280,112105,Colossiens,2,21,μηδὲ,μηδέ,G3366,57
108281,112106,Colossiens,2,21,θίγῃς,θιγγάνω,G2345,3
108282,112107,Colossiens,2,22,ἅ,ὅς,G3739,1408
108283,112108,Colossiens,2,22,ἐστιν,εἰμί,G1510,2458
108284,112109,Colossiens,2,22,πάντα,πᾶς,G3956,1236
108285,112110,Colossiens,2,22,εἰς,εἰς,G1519,1757
108286,112111,Colossiens,2,22,φθορὰν,φθορά,G5356,9
108287,112112,Colossiens,2,22,τῆ,ὁ,G3588,19785
108288,112113,Colossiens,2,22,ἀποχρήσει,ἀπόχρησις,G0671,1
108289,112114,Colossiens,2,22,κατὰ,κατά,G2596,472
108290,112115,Colossiens,2,22,τὰ,ὁ,G3588,19785
108291,112116,Colossiens,2,22,ἐντάλματα,ἔνταλμα,G1778,3
108292,112117,Colossiens,2,22,καὶ,καί,G2532,9108
108293,112118,Colossiens,2,22,διδασκαλίας,διδασκαλία,G1319,21
108294,112119,Colossiens,2,22,τῶν,ὁ,G3588,19785
108295,112120,Colossiens,2,22,ἀνθρώπων,ἄνθρωπος,G0444,549
108296,112121,Colossiens,2,23,ἅτινά,ὅστις,G3748,144
108297,112122,Colossiens,2,23,ἐστιν,εἰμί,G1510,2458
108298,112123,Colossiens,2,23,λόγον,λόγος,G3056,330
108299,112124,Colossiens,2,23,μὲν,μέν,G3303,178
108300,112125,Colossiens,2,23,ἔχοντα,ἔχω,G2192,706
108301,112126,Colossiens,2,23,σοφίας,σοφία,G4678,51
108302,112127,Colossiens,2,23,ἐν,ἐν,G1722,2728
108303,112128,Colossiens,2,23,ἐθελοθρησκίᾳ,ἐθελοθρησκεία,G1479,1
108304,112129,Colossiens,2,23,καὶ,καί,G2532,9108
108305,112130,Colossiens,2,23,ταπεινοφροσύνῃ,ταπεινοφροσύνη,G5012,7
108306,112131,Colossiens,2,23,καὶ,καί,G2532,9108
108307,112132,Colossiens,2,23,ἀφειδίᾳ,ἀφειδία,G0857,1
108308,112133,Colossiens,2,23,σώματος,σῶμα,G4983,142
108309,112134,Colossiens,2,23,οὐκ,οὐ,G3756,1667
108310,112135,Colossiens,2,23,ἐν,ἐν,G1722,2728
108311,112136,Colossiens,2,23,τιμῆ,τιμή,G5092,41
108312,112137,Colossiens,2,23,τινι,τις,G5100,525
108313,112138,Colossiens,2,23,πρὸς,πρός,G4314,699
108314,112139,Colossiens,2,23,πλησμονὴν,πλησμονή,G4140,1
108315,112140,Colossiens,2,23,τῆς,ὁ,G3588,19785
108316,112141,Colossiens,2,23,σαρκός,σάρξ,G4561,147
108317,112142,Colossiens,3,1,Εἰ,εἰ,G1487,506
108318,112143,Colossiens,3,1,οὖν,οὖν,G3767,494
108319,112144,Colossiens,3,1,συνηγέρθητε,συνεγείρω,G4891,3
108320,112145,Colossiens,3,1,τῷ,ὁ,G3588,19785
108321,112146,Colossiens,3,1,Χριστῷ,Χριστός,G5547,529
108322,112147,Colossiens,3,1,τὰ,ὁ,G3588,19785
108323,112148,Colossiens,3,1,ἄνω,ἄνω,G0507,9
108324,112149,Colossiens,3,1,ζητεῖτε,ζητέω,G2212,116
108325,112150,Colossiens,3,1,οὗ,οὗ,G3757,24
108326,112151,Colossiens,3,1,ὁ,ὁ,G3588,19785
108327,112152,Colossiens,3,1,Χριστός,Χριστός,G5547,529
108328,112153,Colossiens,3,1,ἐστιν,εἰμί,G1510,2458
108329,112154,Colossiens,3,1,ἐν,ἐν,G1722,2728
108330,112155,Colossiens,3,1,δεξιᾷ,δεξιός,G1188,54
108331,112156,Colossiens,3,1,τοῦ,ὁ,G3588,19785
108332,112157,Colossiens,3,1,θεοῦ,θεός,G2316,1311
108333,112158,Colossiens,3,1,καθήμενος,κάθημαι,G2521,89
108334,112159,Colossiens,3,2,τὰ,ὁ,G3588,19785
108335,112160,Colossiens,3,2,ἄνω,ἄνω,G0507,9
108336,112161,Colossiens,3,2,φρονεῖτε,φρονέω,G5426,26
108337,112162,Colossiens,3,2,μὴ,μή,G3361,1065
108338,112163,Colossiens,3,2,τὰ,ὁ,G3588,19785
108339,112164,Colossiens,3,2,ἐπὶ,ἐπί,G1909,884
108340,112165,Colossiens,3,2,τῆς,ὁ,G3588,19785
108341,112166,Colossiens,3,2,γῆς,γῆ,G1093,247
108342,112167,Colossiens,3,3,ἀπεθάνετε,ἀποθνήσκω,G0599,110
108343,112168,Colossiens,3,3,γὰρ,γάρ,G1063,1039
108344,112169,Colossiens,3,3,καὶ,καί,G2532,9108
108345,112170,Colossiens,3,3,ἡ,ὁ,G3588,19785
108346,112171,Colossiens,3,3,ζωὴ,ζωή,G2222,135
108347,112172,Colossiens,3,3,ὑμῶν,σύ,G4771,2896
108348,112173,Colossiens,3,3,κέκρυπται,κρύπτω,G2928,18
108349,112174,Colossiens,3,3,σὺν,σύν,G4862,127
108350,112175,Colossiens,3,3,τῷ,ὁ,G3588,19785
108351,112176,Colossiens,3,3,Χριστῷ,Χριστός,G5547,529
108352,112177,Colossiens,3,3,ἐν,ἐν,G1722,2728
108353,112178,Colossiens,3,3,τῷ,ὁ,G3588,19785
108354,112179,Colossiens,3,3,θεῷ,θεός,G2316,1311
108355,112180,Colossiens,3,4,ὅταν,ὅταν,G3752,122
108356,112181,Colossiens,3,4,ὁ,ὁ,G3588,19785
108357,112182,Colossiens,3,4,Χριστὸς,Χριστός,G5547,529
108358,112183,Colossiens,3,4,φανερωθῆ,φανερόω,G5319,49
108359,112184,Colossiens,3,4,ἡ,ὁ,G3588,19785
108360,112185,Colossiens,3,4,ζωὴ,ζωή,G2222,135
108361,112186,Colossiens,3,4,ὑμῶν,σύ,G4771,2896
108362,112187,Colossiens,3,4,τότε,τότε,G5119,159
108363,112188,Colossiens,3,4,καὶ,καί,G2532,9108
108364,112189,Colossiens,3,4,ὑμεῖς,σύ,G4771,2896
108365,112190,Colossiens,3,4,σὺν,σύν,G4862,127
108366,112191,Colossiens,3,4,αὐτῷ,αὐτός,G0846,5558
108367,112192,Colossiens,3,4,φανερωθήσεσθε,φανερόω,G5319,49
108368,112193,Colossiens,3,4,ἐν,ἐν,G1722,2728
108369,112194,Colossiens,3,4,δόξῃ,δόξα,G1391,166
108370,112195,Colossiens,3,5,Νεκρώσατε,νεκρόω,G3499,3
108371,112196,Colossiens,3,5,οὖν,οὖν,G3767,494
108372,112197,Colossiens,3,5,τὰ,ὁ,G3588,19785
108373,112198,Colossiens,3,5,μέλη,μέλος,G3196,34
108374,112200,Colossiens,3,5,τὰ,ὁ,G3588,19785
108375,112201,Colossiens,3,5,ἐπὶ,ἐπί,G1909,884
108376,112202,Colossiens,3,5,τῆς,ὁ,G3588,19785
108377,112203,Colossiens,3,5,γῆς,γῆ,G1093,247
108378,112204,Colossiens,3,5,πορνείαν,πορνεία,G4202,25
108379,112205,Colossiens,3,5,ἀκαθαρσίαν,ἀκαθαρσία,G0167,10
108380,112206,Colossiens,3,5,πάθος,πάθος,G3806,3
108381,112207,Colossiens,3,5,ἐπιθυμίαν,ἐπιθυμία,G1939,38
108382,112208,Colossiens,3,5,κακὴν,κακός,G2556,50
108383,112209,Colossiens,3,5,καὶ,καί,G2532,9108
108384,112210,Colossiens,3,5,τὴν,ὁ,G3588,19785
108385,112211,Colossiens,3,5,πλεονεξίαν,πλεονεξία,G4124,10
108386,112212,Colossiens,3,5,ἥτις,ὅστις,G3748,144
108387,112213,Colossiens,3,5,ἐστὶν,εἰμί,G1510,2458
108388,112214,Colossiens,3,5,εἰδωλολατρία,εἰδωλολατρεία,G1495,4
108389,112215,Colossiens,3,6,δι᾽,διά,G1223,666
108390,112216,Colossiens,3,6,ἃ,ὅς,G3739,1408
108391,112217,Colossiens,3,6,ἔρχεται,ἔρχομαι,G2064,630
108392,112218,Colossiens,3,6,ἡ,ὁ,G3588,19785
108393,112219,Colossiens,3,6,ὀργὴ,ὀργή,G3709,36
108394,112220,Colossiens,3,6,τοῦ,ὁ,G3588,19785
108395,112221,Colossiens,3,6,θεοῦ,θεός,G2316,1311
108396,112222,Colossiens,3,6,ἐπὶ,ἐπί,G1909,884
108397,112223,Colossiens,3,6,τοὺς,ὁ,G3588,19785
108398,112224,Colossiens,3,6,υἱοὺς,υἱός,G5207,372
108399,112225,Colossiens,3,6,τῆς,ὁ,G3588,19785
108400,112226,Colossiens,3,6,ἀπειθείας,ἀπείθεια,G0543,7
108401,112227,Colossiens,3,7,ἐν,ἐν,G1722,2728
108402,112228,Colossiens,3,7,οἷς,ὅς,G3739,1408
108403,112229,Colossiens,3,7,καὶ,καί,G2532,9108
108404,112230,Colossiens,3,7,ὑμεῖς,σύ,G4771,2896
108405,112231,Colossiens,3,7,περιεπατήσατέ,περιπατέω,G4043,95
108406,112232,Colossiens,3,7,ποτε,ποτέ,G4218,29
108407,112233,Colossiens,3,7,ὅτε,ὅτε,G3753,102
108408,112234,Colossiens,3,7,ἐζῆτε,ζάω,G2198,139
108409,112235,Colossiens,3,7,ἐν,ἐν,G1722,2728
108410,112236,Colossiens,3,7,τούτοις,οὗτος,G3778,1380
108411,112237,Colossiens,3,8,Νυνὶ,νυνί,G3570,20
108412,112238,Colossiens,3,8,δὲ,δέ,G1161,2771
108413,112239,Colossiens,3,8,ἀπόθεσθε,ἀποτίθημι,G0659,9
108414,112240,Colossiens,3,8,καὶ,καί,G2532,9108
108415,112241,Colossiens,3,8,ὑμεῖς,σύ,G4771,2896
108416,112242,Colossiens,3,8,τὰ,ὁ,G3588,19785
108417,112243,Colossiens,3,8,πάντα,πᾶς,G3956,1236
108418,112244,Colossiens,3,8,ὀργήν,ὀργή,G3709,36
108419,112245,Colossiens,3,8,θυμόν,θυμός,G2372,18
108420,112246,Colossiens,3,8,κακίαν,κακία,G2549,11
108421,112247,Colossiens,3,8,βλασφημίαν,βλασφημία,G0988,18
108422,112248,Colossiens,3,8,αἰσχρολογίαν,αἰσχρολογία,G0148,1
108423,112249,Colossiens,3,8,ἐκ,ἐκ,G1537,912
108424,112250,Colossiens,3,8,τοῦ,ὁ,G3588,19785
108425,112251,Colossiens,3,8,στόματος,στόμα,G4750,78
108426,112252,Colossiens,3,8,ὑμῶν,σύ,G4771,2896
108427,112253,Colossiens,3,9,Μὴ,μή,G3361,1065
108428,112254,Colossiens,3,9,ψεύδεσθε,ψεύδομαι,G5574,12
108429,112255,Colossiens,3,9,εἰς,εἰς,G1519,1757
108430,112256,Colossiens,3,9,ἀλλήλους,ἀλλήλων,G0240,100
108431,112257,Colossiens,3,9,ἀπεκδυσάμενοι,ἀπεκδύομαι,G0554,2
108432,112258,Colossiens,3,9,τὸν,ὁ,G3588,19785
108433,112259,Colossiens,3,9,παλαιὸν,παλαιός,G3820,19
108434,112260,Colossiens,3,9,ἄνθρωπον,ἄνθρωπος,G0444,549
108435,112261,Colossiens,3,9,σὺν,σύν,G4862,127
108436,112262,Colossiens,3,9,ταῖς,ὁ,G3588,19785
108437,112263,Colossiens,3,9,πράξεσιν,πρᾶξις,G4234,6
108438,112264,Colossiens,3,9,αὐτοῦ,αὐτός,G0846,5558
108439,112265,Colossiens,3,10,καὶ,καί,G2532,9108
108440,112266,Colossiens,3,10,ἐνδυσάμενοι,ἐνδύω,G1746,27
108441,112267,Colossiens,3,10,τὸν,ὁ,G3588,19785
108442,112268,Colossiens,3,10,νέον,νέος,G3501,24
108443,112269,Colossiens,3,10,τὸν,ὁ,G3588,19785
108444,112270,Colossiens,3,10,ἀνακαινούμενον,ἀνακαινόω,G0341,2
108445,112271,Colossiens,3,10,εἰς,εἰς,G1519,1757
108446,112272,Colossiens,3,10,ἐπίγνωσιν,ἐπίγνωσις,G1922,20
108447,112273,Colossiens,3,10,κατ᾽,κατά,G2596,472
108448,112274,Colossiens,3,10,εἰκόνα,εἰκών,G1504,23
108449,112275,Colossiens,3,10,τοῦ,ὁ,G3588,19785
108450,112276,Colossiens,3,10,κτίσαντος,κτίζω,G2936,15
108451,112277,Colossiens,3,10,αὐτόν,αὐτός,G0846,5558
108452,112278,Colossiens,3,11,ὅπου,ὅπου,G3699,81
108453,112279,Colossiens,3,11,οὐκ,οὐ,G3756,1667
108454,112280,Colossiens,3,11,ἔνι,ἔνι,G1762,6
108455,112281,Colossiens,3,11,Ἕλλην,Ἕλλην,G1672,25
108456,112282,Colossiens,3,11,καὶ,καί,G2532,9108
108457,112283,Colossiens,3,11,Ἰουδαῖος,Ἰουδαῖος,G2453,194
108458,112284,Colossiens,3,11,περιτομὴ,περιτομή,G4061,36
108459,112285,Colossiens,3,11,καὶ,καί,G2532,9108
108460,112286,Colossiens,3,11,ἀκροβυστία,ἀκροβυστία,G0203,20
108461,112287,Colossiens,3,11,βάρβαρος,βάρβαρος,G0915,6
108462,112288,Colossiens,3,11,Σκύθης,Σκύθης,G4658,1
108463,112289,Colossiens,3,11,δοῦλος,δοῦλος,G1401,129
108464,112290,Colossiens,3,11,ἐλεύθερος,ἐλεύθερος,G1658,23
108465,112291,Colossiens,3,11,ἀλλὰ,ἀλλά,G0235,638
108466,112293,Colossiens,3,11,πάντα,πᾶς,G3956,1236
108467,112294,Colossiens,3,11,καὶ,καί,G2532,9108
108468,112295,Colossiens,3,11,ἐν,ἐν,G1722,2728
108469,112296,Colossiens,3,11,πᾶσιν,πᾶς,G3956,1236
108470,112297,Colossiens,3,11,Χριστός,Χριστός,G5547,529
108471,112298,Colossiens,3,12,Ἐνδύσασθε,ἐνδύω,G1746,27
108472,112299,Colossiens,3,12,οὖν,οὖν,G3767,494
108473,112300,Colossiens,3,12,ὡς,ὡς,G5613,501
108474,112301,Colossiens,3,12,ἐκλεκτοὶ,ἐκλεκτός,G1588,22
108475,112302,Colossiens,3,12,τοῦ,ὁ,G3588,19785
108476,112303,Colossiens,3,12,θεοῦ,θεός,G2316,1311
108477,112304,Colossiens,3,12,ἅγιοι,ἅγιος,G0040,224
108478,112305,Colossiens,3,12,καὶ,καί,G2532,9108
108479,112306,Colossiens,3,12,ἠγαπημένοι,ἀγαπάω,G0025,143
108480,112307,Colossiens,3,12,σπλάγχνα,σπλάγχνον,G4698,11
108481,112308,Colossiens,3,12,οἰκτιρμοῦ,οἰκτιρμός,G3628,5
108482,112309,Colossiens,3,12,χρηστότητα,χρηστότης,G5544,10
108483,112310,Colossiens,3,12,ταπεινοφροσύνην,ταπεινοφροσύνη,G5012,7
108484,112311,Colossiens,3,12,πραΰτητα,πραΰτης,G4240,11
108485,112312,Colossiens,3,12,μακροθυμίαν,μακροθυμία,G3115,14
108486,112313,Colossiens,3,13,ἀνεχόμενοι,ἀνέχω,G0430,14
108487,112314,Colossiens,3,13,ἀλλήλων,ἀλλήλων,G0240,100
108488,112315,Colossiens,3,13,καὶ,καί,G2532,9108
108489,112316,Colossiens,3,13,χαριζόμενοι,χαρίζω,G5483,23
108490,112317,Colossiens,3,13,ἑαυτοῖς,ἑαυτοῦ,G1438,317
108491,112318,Colossiens,3,13,ἐάν,ἐάν,G1437,327
108492,112319,Colossiens,3,13,τις,τις,G5100,525
108493,112320,Colossiens,3,13,πρός,πρός,G4314,699
108494,112321,Colossiens,3,13,τινα,τις,G5100,525
108495,112322,Colossiens,3,13,ἔχῃ,ἔχω,G2192,706
108496,112323,Colossiens,3,13,μομφήν,μομφή,G3437,1
108497,112324,Colossiens,3,13,καθὼς,καθώς,G2531,182
108498,112325,Colossiens,3,13,καὶ,καί,G2532,9108
108499,112326,Colossiens,3,13,ὁ,ὁ,G3588,19785
108500,112327,Colossiens,3,13,κύριος,κύριος,G2962,716
108501,112328,Colossiens,3,13,ἐχαρίσατο,χαρίζω,G5483,23
108502,112329,Colossiens,3,13,ὑμῖν,σύ,G4771,2896
108503,112330,Colossiens,3,13,οὕτως,οὕτω,G3779,207
108504,112331,Colossiens,3,13,καὶ,καί,G2532,9108
108505,112332,Colossiens,3,13,ὑμεῖς,σύ,G4771,2896
108506,112333,Colossiens,3,14,ἐπὶ,ἐπί,G1909,884
108507,112334,Colossiens,3,14,πᾶσιν,πᾶς,G3956,1236
108508,112335,Colossiens,3,14,δὲ,δέ,G1161,2771
108509,112336,Colossiens,3,14,τούτοις,οὗτος,G3778,1380
108510,112337,Colossiens,3,14,τὴν,ὁ,G3588,19785
108511,112338,Colossiens,3,14,ἀγάπην,ἀγάπη,G0026,116
108512,112339,Colossiens,3,14,ὅ,ὅς,G3739,1408
108513,112340,Colossiens,3,14,ἐστιν,εἰμί,G1510,2458
108514,112341,Colossiens,3,14,σύνδεσμος,σύνδεσμος,G4886,4
108515,112342,Colossiens,3,14,τῆς,ὁ,G3588,19785
108516,112343,Colossiens,3,14,τελειότητος,τελειότης,G5047,2
108517,112344,Colossiens,3,15,καὶ,καί,G2532,9108
108518,112345,Colossiens,3,15,ἡ,ὁ,G3588,19785
108519,112346,Colossiens,3,15,εἰρήνη,εἰρήνη,G1515,92
108520,112347,Colossiens,3,15,τοῦ,ὁ,G3588,19785
108521,112348,Colossiens,3,15,Χριστοῦ,Χριστός,G5547,529
108522,112349,Colossiens,3,15,βραβευέτω,βραβεύω,G1018,1
108523,112350,Colossiens,3,15,ἐν,ἐν,G1722,2728
108524,112351,Colossiens,3,15,ταῖς,ὁ,G3588,19785
108525,112352,Colossiens,3,15,καρδίαις,καρδία,G2588,155
108526,112353,Colossiens,3,15,ὑμῶν,σύ,G4771,2896
108527,112354,Colossiens,3,15,εἰς,εἰς,G1519,1757
108528,112355,Colossiens,3,15,ἣν,ὅς,G3739,1408
108529,112356,Colossiens,3,15,καὶ,καί,G2532,9108
108530,112357,Colossiens,3,15,ἐκλήθητε,καλέω,G2564,148
108531,112358,Colossiens,3,15,ἐν,ἐν,G1722,2728
108532,112359,Colossiens,3,15,ἑνὶ,εἷς,G1520,336
108533,112360,Colossiens,3,15,σώματι,σῶμα,G4983,142
108534,112361,Colossiens,3,15,καὶ,καί,G2532,9108
108535,112362,Colossiens,3,15,εὐχάριστοι,εὐχάριστος,G2170,1
108536,112363,Colossiens,3,15,γίνεσθε,γίνομαι,G1096,662
108537,112364,Colossiens,3,16,Ὁ,ὁ,G3588,19785
108538,112365,Colossiens,3,16,λόγος,λόγος,G3056,330
108539,112366,Colossiens,3,16,τοῦ,ὁ,G3588,19785
108540,112367,Colossiens,3,16,Χριστοῦ,Χριστός,G5547,529
108541,112368,Colossiens,3,16,ἐνοικείτω,ἐνοικέω,G1774,4
108542,112369,Colossiens,3,16,ἐν,ἐν,G1722,2728
108543,112370,Colossiens,3,16,ὑμῖν,σύ,G4771,2896
108544,112371,Colossiens,3,16,πλουσίως,πλουσίως,G4146,4
108545,112372,Colossiens,3,16,ἐν,ἐν,G1722,2728
108546,112373,Colossiens,3,16,πάσῃ,πᾶς,G3956,1236
108547,112374,Colossiens,3,16,σοφίᾳ,σοφία,G4678,51
108548,112375,Colossiens,3,16,διδάσκοντες,διδάσκω,G1321,96
108549,112376,Colossiens,3,16,καὶ,καί,G2532,9108
108550,112377,Colossiens,3,16,νουθετοῦντες,νουθετέω,G3560,7
108551,112378,Colossiens,3,16,ἑαυτοὺς,ἑαυτοῦ,G1438,317
108552,112379,Colossiens,3,16,ψαλμοῖς,ψαλμός,G5568,7
108553,112381,Colossiens,3,16,ὕμνοις,ὕμνος,G5215,2
108554,112383,Colossiens,3,16,ᾠδαῖς,ᾠδή,G5603,7
108555,112384,Colossiens,3,16,πνευματικαῖς,πνευματικός,G4152,26
108556,112385,Colossiens,3,16,ἐν,ἐν,G1722,2728
108557,112387,Colossiens,3,16,χάριτι,χάρις,G5485,154
108558,112388,Colossiens,3,16,ᾄδοντες,ᾄδω,G0103,5
108559,112389,Colossiens,3,16,ἐν,ἐν,G1722,2728
108560,112390,Colossiens,3,16,ταῖς,ὁ,G3588,19785
108561,112391,Colossiens,3,16,καρδίαις,καρδία,G2588,155
108562,112392,Colossiens,3,16,ὑμῶν,σύ,G4771,2896
108563,112393,Colossiens,3,16,τῷ,ὁ,G3588,19785
108564,112394,Colossiens,3,16,θεῷ,θεός,G2316,1311
108565,112395,Colossiens,3,17,καὶ,καί,G2532,9108
108566,112396,Colossiens,3,17,πᾶν,πᾶς,G3956,1236
108567,112397,Colossiens,3,17,ὅ,ὅς,G3739,1408
108568,112398,Colossiens,3,17,τι,τις,G5100,525
108569,112399,Colossiens,3,17,ἐὰν,ἐάν,G1437,327
108570,112400,Colossiens,3,17,ποιῆτε,ποιέω,G4160,568
108571,112401,Colossiens,3,17,ἐν,ἐν,G1722,2728
108572,112402,Colossiens,3,17,λόγῳ,λόγος,G3056,330
108573,112403,Colossiens,3,17,ἢ,ἤ,G2228,346
108574,112404,Colossiens,3,17,ἐν,ἐν,G1722,2728
108575,112405,Colossiens,3,17,ἔργῳ,ἔργον,G2041,169
108576,112406,Colossiens,3,17,πάντα,πᾶς,G3956,1236
108577,112407,Colossiens,3,17,ἐν,ἐν,G1722,2728
108578,112408,Colossiens,3,17,ὀνόματι,ὄνομα,G3686,229
108579,112409,Colossiens,3,17,κυρίου,κύριος,G2962,716
108580,112410,Colossiens,3,17,Ἰησοῦ,Ἰησοῦς,G2424,910
108581,112411,Colossiens,3,17,εὐχαριστοῦντες,εὐχαριστέω,G2168,38
108582,112412,Colossiens,3,17,τῷ,ὁ,G3588,19785
108583,112413,Colossiens,3,17,θεῷ,θεός,G2316,1311
108584,112415,Colossiens,3,17,πατρὶ,πατήρ,G3962,414
108585,112416,Colossiens,3,17,δι᾽,διά,G1223,666
108586,112417,Colossiens,3,17,αὐτοῦ,αὐτός,G0846,5558
108587,112418,Colossiens,3,18,Αἱ,ὁ,G3588,19785
108588,112419,Colossiens,3,18,γυναῖκες,γυνή,G1135,211
108589,112420,Colossiens,3,18,ὑποτάσσεσθε,ὑποτάσσω,G5293,38
108590,112421,Colossiens,3,18,τοῖς,ὁ,G3588,19785
108591,112423,Colossiens,3,18,ἀνδράσιν,ἀνήρ,G0435,216
108592,112424,Colossiens,3,18,ὡς,ὡς,G5613,501
108593,112425,Colossiens,3,18,ἀνῆκεν,ἀνήκω,G0433,3
108594,112426,Colossiens,3,18,ἐν,ἐν,G1722,2728
108595,112427,Colossiens,3,18,κυρίῳ,κύριος,G2962,716
108596,112428,Colossiens,3,19,Οἱ,ὁ,G3588,19785
108597,112429,Colossiens,3,19,ἄνδρες,ἀνήρ,G0435,216
108598,112430,Colossiens,3,19,ἀγαπᾶτε,ἀγαπάω,G0025,143
108599,112431,Colossiens,3,19,τὰς,ὁ,G3588,19785
108600,112432,Colossiens,3,19,γυναῖκας,γυνή,G1135,211
108601,112433,Colossiens,3,19,καὶ,καί,G2532,9108
108602,112434,Colossiens,3,19,μὴ,μή,G3361,1065
108603,112435,Colossiens,3,19,πικραίνεσθε,πικραίνω,G4087,4
108604,112436,Colossiens,3,19,πρὸς,πρός,G4314,699
108605,112437,Colossiens,3,19,αὐτάς,αὐτός,G0846,5558
108606,112438,Colossiens,3,20,Τὰ,ὁ,G3588,19785
108607,112439,Colossiens,3,20,τέκνα,τέκνον,G5043,98
108608,112440,Colossiens,3,20,ὑπακούετε,ὑπακούω,G5219,21
108609,112441,Colossiens,3,20,τοῖς,ὁ,G3588,19785
108610,112442,Colossiens,3,20,γονεῦσιν,γονεύς,G1118,20
108611,112443,Colossiens,3,20,κατὰ,κατά,G2596,472
108612,112444,Colossiens,3,20,πάντα,πᾶς,G3956,1236
108613,112445,Colossiens,3,20,τοῦτο,οὗτος,G3778,1380
108614,112446,Colossiens,3,20,γὰρ,γάρ,G1063,1039
108615,112447,Colossiens,3,20,εὐάρεστόν,εὐάρεστος,G2101,9
108616,112448,Colossiens,3,20,ἐστιν,εἰμί,G1510,2458
108617,112449,Colossiens,3,20,ἐν,ἐν,G1722,2728
108618,112450,Colossiens,3,20,κυρίῳ,κύριος,G2962,716
108619,112451,Colossiens,3,21,Οἱ,ὁ,G3588,19785
108620,112452,Colossiens,3,21,πατέρες,πατήρ,G3962,414
108621,112453,Colossiens,3,21,μὴ,μή,G3361,1065
108622,112454,Colossiens,3,21,ἐρεθίζετε,ἐρεθίζω,G2042,2
108623,112455,Colossiens,3,21,τὰ,ὁ,G3588,19785
108624,112456,Colossiens,3,21,τέκνα,τέκνον,G5043,98
108625,112457,Colossiens,3,21,ὑμῶν,σύ,G4771,2896
108626,112458,Colossiens,3,21,ἵνα,ἵνα,G2443,668
108627,112459,Colossiens,3,21,μὴ,μή,G3361,1065
108628,112460,Colossiens,3,21,ἀθυμῶσιν,ἀθυμέω,G0120,1
108629,112461,Colossiens,3,22,Οἱ,ὁ,G3588,19785
108630,112462,Colossiens,3,22,δοῦλοι,δοῦλος,G1401,129
108631,112463,Colossiens,3,22,ὑπακούετε,ὑπακούω,G5219,21
108632,112464,Colossiens,3,22,κατὰ,κατά,G2596,472
108633,112465,Colossiens,3,22,πάντα,πᾶς,G3956,1236
108634,112466,Colossiens,3,22,τοῖς,ὁ,G3588,19785
108635,112467,Colossiens,3,22,κατὰ,κατά,G2596,472
108636,112468,Colossiens,3,22,σάρκα,σάρξ,G4561,147
108637,112469,Colossiens,3,22,κυρίοις,κύριος,G2962,716
108638,112470,Colossiens,3,22,μὴ,μή,G3361,1065
108639,112471,Colossiens,3,22,ἐν,ἐν,G1722,2728
108640,112473,Colossiens,3,22,ὡς,ὡς,G5613,501
108641,112474,Colossiens,3,22,ἀνθρωπάρεσκοι,ἀνθρωπάρεσκος,G0441,2
108642,112475,Colossiens,3,22,ἀλλ᾽,ἀλλά,G0235,638
108643,112476,Colossiens,3,22,ἐν,ἐν,G1722,2728
108644,112477,Colossiens,3,22,ἁπλότητι,ἁπλότης,G0572,7
108645,112478,Colossiens,3,22,καρδίας,καρδία,G2588,155
108646,112479,Colossiens,3,22,φοβούμενοι,φοβέω,G5399,95
108647,112480,Colossiens,3,22,τὸν,ὁ,G3588,19785
108648,112481,Colossiens,3,22,κύριον,κύριος,G2962,716
108649,112484,Colossiens,3,23,ὃ,ὅς,G3739,1408
108650,112486,Colossiens,3,23,ἐὰν,ἐάν,G1437,327
108651,112487,Colossiens,3,23,ποιῆτε,ποιέω,G4160,568
108652,112488,Colossiens,3,23,ἐκ,ἐκ,G1537,912
108653,112489,Colossiens,3,23,ψυχῆς,ψυχή,G5590,102
108654,112490,Colossiens,3,23,ἐργάζεσθε,ἐργάζομαι,G2038,40
108655,112491,Colossiens,3,23,ὡς,ὡς,G5613,501
108656,112492,Colossiens,3,23,τῷ,ὁ,G3588,19785
108657,112493,Colossiens,3,23,κυρίῳ,κύριος,G2962,716
108658,112494,Colossiens,3,23,καὶ,καί,G2532,9108
108659,112495,Colossiens,3,23,οὐκ,οὐ,G3756,1667
108660,112496,Colossiens,3,23,ἀνθρώποις,ἄνθρωπος,G0444,549
108661,112497,Colossiens,3,24,εἰδότες,εἴδω,G6063,280
108662,112498,Colossiens,3,24,ὅτι,ὅτι,G3754,1291
108663,112499,Colossiens,3,24,ἀπὸ,ἀπό,G0575,640
108664,112500,Colossiens,3,24,κυρίου,κύριος,G2962,716
108665,112501,Colossiens,3,24,ἀπολήμψεσθε,ἀπολαμβάνω,G0618,10
108666,112502,Colossiens,3,24,τὴν,ὁ,G3588,19785
108667,112503,Colossiens,3,24,ἀνταπόδοσιν,ἀνταπόδοσις,G0469,1
108668,112504,Colossiens,3,24,τῆς,ὁ,G3588,19785
108669,112505,Colossiens,3,24,κληρονομίας,κληρονομία,G2817,14
108670,112506,Colossiens,3,24,τῷ,ὁ,G3588,19785
108671,112508,Colossiens,3,24,κυρίῳ,κύριος,G2962,716
108672,112509,Colossiens,3,24,Χριστῷ,Χριστός,G5547,529
108673,112510,Colossiens,3,24,δουλεύετε,δουλεύω,G1398,24
108674,112511,Colossiens,3,25,ὁ,ὁ,G3588,19785
108675,112512,Colossiens,3,25,γὰρ,γάρ,G1063,1039
108676,112513,Colossiens,3,25,ἀδικῶν,ἀδικέω,G0091,25
108677,112514,Colossiens,3,25,κομίσεται,κομίζω,G2865,10
108678,112515,Colossiens,3,25,ὃ,ὅς,G3739,1408
108679,112516,Colossiens,3,25,ἠδίκησεν,ἀδικέω,G0091,25
108680,112517,Colossiens,3,25,καὶ,καί,G2532,9108
108681,112518,Colossiens,3,25,οὐκ,οὐ,G3756,1667
108682,112519,Colossiens,3,25,ἔστιν,εἰμί,G1510,2458
108683,112520,Colossiens,3,25,προσωπολημψία,προσωποληψία,G4382,4
108684,112521,Colossiens,4,1,Οἱ,ὁ,G3588,19785
108685,112522,Colossiens,4,1,κύριοι,κύριος,G2962,716
108686,112523,Colossiens,4,1,τὸ,ὁ,G3588,19785
108687,112524,Colossiens,4,1,δίκαιον,δίκαιος,G1342,80
108688,112525,Colossiens,4,1,καὶ,καί,G2532,9108
108689,112526,Colossiens,4,1,τὴν,ὁ,G3588,19785
108690,112527,Colossiens,4,1,ἰσότητα,ἰσότης,G2471,3
108691,112528,Colossiens,4,1,τοῖς,ὁ,G3588,19785
108692,112529,Colossiens,4,1,δούλοις,δοῦλος,G1401,129
108693,112530,Colossiens,4,1,παρέχεσθε,παρέχω,G3930,16
108694,112531,Colossiens,4,1,εἰδότες,εἴδω,G6063,280
108695,112532,Colossiens,4,1,ὅτι,ὅτι,G3754,1291
108696,112533,Colossiens,4,1,καὶ,καί,G2532,9108
108697,112534,Colossiens,4,1,ὑμεῖς,σύ,G4771,2896
108698,112535,Colossiens,4,1,ἔχετε,ἔχω,G2192,706
108699,112536,Colossiens,4,1,κύριον,κύριος,G2962,716
108700,112537,Colossiens,4,1,ἐν,ἐν,G1722,2728
108701,112538,Colossiens,4,1,οὐρανῷ,οὐρανός,G3772,273
108702,112539,Colossiens,4,2,Τῆ,ὁ,G3588,19785
108703,112540,Colossiens,4,2,προσευχῆ,προσευχή,G4335,36
108704,112541,Colossiens,4,2,προσκαρτερεῖτε,προσκαρτερέω,G4342,10
108705,112542,Colossiens,4,2,γρηγοροῦντες,γρηγορέω,G1127,23
108706,112543,Colossiens,4,2,ἐν,ἐν,G1722,2728
108707,112544,Colossiens,4,2,αὐτῆ,αὐτός,G0846,5558
108708,112545,Colossiens,4,2,ἐν,ἐν,G1722,2728
108709,112546,Colossiens,4,2,εὐχαριστίᾳ,εὐχαριστία,G2169,15
108710,112547,Colossiens,4,3,προσευχόμενοι,προσεύχομαι,G4336,86
108711,112548,Colossiens,4,3,ἅμα,ἅμα,G0260,10
108712,112549,Colossiens,4,3,καὶ,καί,G2532,9108
108713,112550,Colossiens,4,3,περὶ,περί,G4012,331
108714,112551,Colossiens,4,3,ἡμῶν,ἐγώ,G1473,2462
108715,112552,Colossiens,4,3,ἵνα,ἵνα,G2443,668
108716,112553,Colossiens,4,3,ὁ,ὁ,G3588,19785
108717,112554,Colossiens,4,3,θεὸς,θεός,G2316,1311
108718,112555,Colossiens,4,3,ἀνοίξῃ,ἀνοίγω,G0455,76
108719,112556,Colossiens,4,3,ἡμῖν,ἐγώ,G1473,2462
108720,112557,Colossiens,4,3,θύραν,θύρα,G2374,39
108721,112558,Colossiens,4,3,τοῦ,ὁ,G3588,19785
108722,112559,Colossiens,4,3,λόγου,λόγος,G3056,330
108723,112560,Colossiens,4,3,λαλῆσαι,λαλέω,G2980,296
108724,112561,Colossiens,4,3,τὸ,ὁ,G3588,19785
108725,112562,Colossiens,4,3,μυστήριον,μυστήριον,G3466,27
108726,112563,Colossiens,4,3,τοῦ,ὁ,G3588,19785
108727,112564,Colossiens,4,3,Χριστοῦ,Χριστός,G5547,529
108728,112565,Colossiens,4,3,δι᾽,διά,G1223,666
108729,112566,Colossiens,4,3,ὃ,ὅς,G3739,1408
108730,112567,Colossiens,4,3,καὶ,καί,G2532,9108
108731,112568,Colossiens,4,3,δέδεμαι,δέω,G1210,44
108732,112569,Colossiens,4,4,ἵνα,ἵνα,G2443,668
108733,112570,Colossiens,4,4,φανερώσω,φανερόω,G5319,49
108734,112571,Colossiens,4,4,αὐτὸ,αὐτός,G0846,5558
108735,112572,Colossiens,4,4,ὡς,ὡς,G5613,501
108736,112573,Colossiens,4,4,δεῖ,δεῖ,G1163,102
108737,112574,Colossiens,4,4,με,ἐγώ,G1473,2462
108738,112575,Colossiens,4,4,λαλῆσαι,λαλέω,G2980,296
108739,112576,Colossiens,4,5,Ἐν,ἐν,G1722,2728
108740,112577,Colossiens,4,5,σοφίᾳ,σοφία,G4678,51
108741,112578,Colossiens,4,5,περιπατεῖτε,περιπατέω,G4043,95
108742,112579,Colossiens,4,5,πρὸς,πρός,G4314,699
108743,112580,Colossiens,4,5,τοὺς,ὁ,G3588,19785
108744,112581,Colossiens,4,5,ἔξω,ἔξω,G1854,62
108745,112582,Colossiens,4,5,τὸν,ὁ,G3588,19785
108746,112583,Colossiens,4,5,καιρὸν,καιρός,G2540,85
108747,112584,Colossiens,4,5,ἐξαγοραζόμενοι,ἐξαγοράζω,G1805,4
108748,112585,Colossiens,4,6,ὁ,ὁ,G3588,19785
108749,112586,Colossiens,4,6,λόγος,λόγος,G3056,330
108750,112587,Colossiens,4,6,ὑμῶν,σύ,G4771,2896
108751,112588,Colossiens,4,6,πάντοτε,πάντοτε,G3842,41
108752,112589,Colossiens,4,6,ἐν,ἐν,G1722,2728
108753,112590,Colossiens,4,6,χάριτι,χάρις,G5485,154
108754,112591,Colossiens,4,6,ἅλατι,ἅλας,G0217,8
108755,112592,Colossiens,4,6,ἠρτυμένος,ἀρτύω,G0741,3
108756,112593,Colossiens,4,6,εἰδέναι,εἴδω,G6063,280
108757,112594,Colossiens,4,6,πῶς,πως,G4459,104
108758,112595,Colossiens,4,6,δεῖ,δεῖ,G1163,102
108759,112596,Colossiens,4,6,ὑμᾶς,σύ,G4771,2896
108760,112597,Colossiens,4,6,ἑνὶ,εἷς,G1520,336
108761,112598,Colossiens,4,6,ἑκάστῳ,ἕκαστος,G1538,81
108762,112599,Colossiens,4,6,ἀποκρίνεσθαι,ἀποκρίνω,G0611,231
108763,112600,Colossiens,4,7,Τὰ,ὁ,G3588,19785
108764,112601,Colossiens,4,7,κατ᾽,κατά,G2596,472
108765,112602,Colossiens,4,7,ἐμὲ,ἐγώ,G1473,2462
108766,112603,Colossiens,4,7,πάντα,πᾶς,G3956,1236
108767,112604,Colossiens,4,7,γνωρίσει,γνωρίζω,G1107,25
108768,112605,Colossiens,4,7,ὑμῖν,σύ,G4771,2896
108769,112606,Colossiens,4,7,Τύχικος,Τυχικός,G5190,5
108770,112607,Colossiens,4,7,ὁ,ὁ,G3588,19785
108771,112608,Colossiens,4,7,ἀγαπητὸς,ἀγαπητός,G0027,61
108772,112609,Colossiens,4,7,ἀδελφὸς,ἀδελφός,G0080,343
108773,112610,Colossiens,4,7,καὶ,καί,G2532,9108
108774,112611,Colossiens,4,7,πιστὸς,πιστός,G4103,66
108775,112612,Colossiens,4,7,διάκονος,διάκονος,G1249,30
108776,112613,Colossiens,4,7,καὶ,καί,G2532,9108
108777,112614,Colossiens,4,7,σύνδουλος,σύνδουλος,G4889,10
108778,112615,Colossiens,4,7,ἐν,ἐν,G1722,2728
108779,112616,Colossiens,4,7,κυρίῳ,κύριος,G2962,716
108780,112617,Colossiens,4,8,ὃν,ὅς,G3739,1408
108781,112618,Colossiens,4,8,ἔπεμψα,πέμπω,G3992,79
108782,112619,Colossiens,4,8,πρὸς,πρός,G4314,699
108783,112620,Colossiens,4,8,ὑμᾶς,σύ,G4771,2896
108784,112621,Colossiens,4,8,εἰς,εἰς,G1519,1757
108785,112622,Colossiens,4,8,αὐτὸ,αὐτός,G0846,5558
108786,112623,Colossiens,4,8,τοῦτο,οὗτος,G3778,1380
108787,112624,Colossiens,4,8,ἵνα,ἵνα,G2443,668
108788,112626,Colossiens,4,8,τὰ,ὁ,G3588,19785
108789,112627,Colossiens,4,8,περὶ,περί,G4012,331
108790,112629,Colossiens,4,8,καὶ,καί,G2532,9108
108791,112630,Colossiens,4,8,παρακαλέσῃ,παρακαλέω,G3870,108
108792,112631,Colossiens,4,8,τὰς,ὁ,G3588,19785
108793,112632,Colossiens,4,8,καρδίας,καρδία,G2588,155
108794,112633,Colossiens,4,8,ὑμῶν,σύ,G4771,2896
108795,112634,Colossiens,4,9,σὺν,σύν,G4862,127
108796,112635,Colossiens,4,9,Ὀνησίμῳ,Ὀνήσιμος,G3682,2
108797,112636,Colossiens,4,9,τῷ,ὁ,G3588,19785
108798,112637,Colossiens,4,9,πιστῷ,πιστός,G4103,66
108799,112638,Colossiens,4,9,καὶ,καί,G2532,9108
108800,112639,Colossiens,4,9,ἀγαπητῷ,ἀγαπητός,G0027,61
108801,112640,Colossiens,4,9,ἀδελφῷ,ἀδελφός,G0080,343
108802,112641,Colossiens,4,9,ὅς,ὅς,G3739,1408
108803,112642,Colossiens,4,9,ἐστιν,εἰμί,G1510,2458
108804,112643,Colossiens,4,9,ἐξ,ἐκ,G1537,912
108805,112644,Colossiens,4,9,ὑμῶν,σύ,G4771,2896
108806,112645,Colossiens,4,9,πάντα,πᾶς,G3956,1236
108807,112646,Colossiens,4,9,ὑμῖν,σύ,G4771,2896
108808,112647,Colossiens,4,9,γνωρίσουσιν,γνωρίζω,G1107,25
108809,112648,Colossiens,4,9,τὰ,ὁ,G3588,19785
108810,112649,Colossiens,4,9,ὧδε,ὧδε,G5602,61
108811,112650,Colossiens,4,10,Ἀσπάζεται,ἀσπάζομαι,G0782,59
108812,112651,Colossiens,4,10,ὑμᾶς,σύ,G4771,2896
108813,112652,Colossiens,4,10,Ἀρίσταρχος,Ἀρίσταρχος,G0708,5
108814,112653,Colossiens,4,10,ὁ,ὁ,G3588,19785
108815,112654,Colossiens,4,10,συναιχμάλωτός,συναιχμάλωτος,G4869,3
108816,112655,Colossiens,4,10,μου,ἐγώ,G1473,2462
108817,112656,Colossiens,4,10,καὶ,καί,G2532,9108
108818,112657,Colossiens,4,10,Μᾶρκος,Μάρκος,G3138,8
108819,112658,Colossiens,4,10,ὁ,ὁ,G3588,19785
108820,112659,Colossiens,4,10,ἀνεψιὸς,ἀνεψιός,G0431,1
108821,112660,Colossiens,4,10,Βαρναβᾶ,Βαρνάβας,G0921,28
108822,112661,Colossiens,4,10,περὶ,περί,G4012,331
108823,112662,Colossiens,4,10,οὗ,ὅς,G3739,1408
108824,112663,Colossiens,4,10,ἐλάβετε,λαμβάνω,G2983,257
108825,112664,Colossiens,4,10,ἐντολάς,ἐντολή,G1785,68
108826,112665,Colossiens,4,10,ἐὰν,ἐάν,G1437,327
108827,112666,Colossiens,4,10,ἔλθῃ,ἔρχομαι,G2064,630
108828,112667,Colossiens,4,10,πρὸς,πρός,G4314,699
108829,112668,Colossiens,4,10,ὑμᾶς,σύ,G4771,2896
108830,112669,Colossiens,4,10,δέξασθε,δέχομαι,G1209,56
108831,112670,Colossiens,4,10,αὐτόν,αὐτός,G0846,5558
108832,112671,Colossiens,4,11,καὶ,καί,G2532,9108
108833,112672,Colossiens,4,11,Ἰησοῦς,Ἰησοῦς,G2424,910
108834,112673,Colossiens,4,11,ὁ,ὁ,G3588,19785
108835,112674,Colossiens,4,11,λεγόμενος,λέγω,G3004,1318
108836,112675,Colossiens,4,11,Ἰοῦστος,Ἰοῦστος,G2459,3
108837,112676,Colossiens,4,11,οἱ,ὁ,G3588,19785
108838,112677,Colossiens,4,11,ὄντες,εἰμί,G1510,2458
108839,112678,Colossiens,4,11,ἐκ,ἐκ,G1537,912
108840,112679,Colossiens,4,11,περιτομῆς,περιτομή,G4061,36
108841,112680,Colossiens,4,11,οὗτοι,οὗτος,G3778,1380
108842,112681,Colossiens,4,11,μόνοι,μόνος,G3441,111
108843,112682,Colossiens,4,11,συνεργοὶ,συνεργός,G4904,12
108844,112683,Colossiens,4,11,εἰς,εἰς,G1519,1757
108845,112684,Colossiens,4,11,τὴν,ὁ,G3588,19785
108846,112685,Colossiens,4,11,βασιλείαν,βασιλεία,G0932,161
108847,112686,Colossiens,4,11,τοῦ,ὁ,G3588,19785
108848,112687,Colossiens,4,11,θεοῦ,θεός,G2316,1311
108849,112688,Colossiens,4,11,οἵτινες,ὅστις,G3748,144
108850,112689,Colossiens,4,11,ἐγενήθησάν,γίνομαι,G1096,662
108851,112690,Colossiens,4,11,μοι,ἐγώ,G1473,2462
108852,112691,Colossiens,4,11,παρηγορία,παρηγορία,G3931,1
108853,112692,Colossiens,4,12,Ἀσπάζεται,ἀσπάζομαι,G0782,59
108854,112693,Colossiens,4,12,ὑμᾶς,σύ,G4771,2896
108855,112694,Colossiens,4,12,Ἐπαφρᾶς,Ἐπαφρᾶς,G1889,3
108856,112695,Colossiens,4,12,ὁ,ὁ,G3588,19785
108857,112696,Colossiens,4,12,ἐξ,ἐκ,G1537,912
108858,112697,Colossiens,4,12,ὑμῶν,σύ,G4771,2896
108859,112698,Colossiens,4,12,δοῦλος,δοῦλος,G1401,129
108860,112699,Colossiens,4,12,Χριστοῦ,Χριστός,G5547,529
108861,112700,Colossiens,4,12,Ἰησοῦ,Ἰησοῦς,G2424,910
108862,112701,Colossiens,4,12,πάντοτε,πάντοτε,G3842,41
108863,112702,Colossiens,4,12,ἀγωνιζόμενος,ἀγωνίζομαι,G0075,8
108864,112703,Colossiens,4,12,ὑπὲρ,ὑπέρ,G5228,153
108865,112704,Colossiens,4,12,ὑμῶν,σύ,G4771,2896
108866,112705,Colossiens,4,12,ἐν,ἐν,G1722,2728
108867,112706,Colossiens,4,12,ταῖς,ὁ,G3588,19785
108868,112707,Colossiens,4,12,προσευχαῖς,προσευχή,G4335,36
108869,112708,Colossiens,4,12,ἵνα,ἵνα,G2443,668
108870,112709,Colossiens,4,12,σταθῆτε,ἵστημι,G2476,152
108871,112710,Colossiens,4,12,τέλειοι,τέλειος,G5046,19
108872,112711,Colossiens,4,12,καὶ,καί,G2532,9108
108873,112712,Colossiens,4,12,πεπληροφορημένοι,πληροφορέω,G4135,6
108874,112713,Colossiens,4,12,ἐν,ἐν,G1722,2728
108875,112714,Colossiens,4,12,παντὶ,πᾶς,G3956,1236
108876,112715,Colossiens,4,12,θελήματι,θέλημα,G2307,62
108877,112716,Colossiens,4,12,τοῦ,ὁ,G3588,19785
108878,112717,Colossiens,4,12,θεοῦ,θεός,G2316,1311
108879,112718,Colossiens,4,13,μαρτυρῶ,μαρτυρέω,G3140,76
108880,112719,Colossiens,4,13,γὰρ,γάρ,G1063,1039
108881,112720,Colossiens,4,13,αὐτῷ,αὐτός,G0846,5558
108882,112721,Colossiens,4,13,ὅτι,ὅτι,G3754,1291
108883,112722,Colossiens,4,13,ἔχει,ἔχω,G2192,706
108884,112723,Colossiens,4,13,πολὺν,πολύς,G4183,365
108885,112724,Colossiens,4,13,πόνον,πόνος,G4192,4
108886,112725,Colossiens,4,13,ὑπὲρ,ὑπέρ,G5228,153
108887,112726,Colossiens,4,13,ὑμῶν,σύ,G4771,2896
108888,112727,Colossiens,4,13,καὶ,καί,G2532,9108
108889,112728,Colossiens,4,13,τῶν,ὁ,G3588,19785
108890,112729,Colossiens,4,13,ἐν,ἐν,G1722,2728
108891,112730,Colossiens,4,13,Λαοδικείᾳ,Λαοδίκεια,G2993,6
108892,112731,Colossiens,4,13,καὶ,καί,G2532,9108
108893,112732,Colossiens,4,13,τῶν,ὁ,G3588,19785
108894,112733,Colossiens,4,13,ἐν,ἐν,G1722,2728
108895,112734,Colossiens,4,13,Ἱεραπόλει,Ἱεράπολις,G2404,1
108896,112735,Colossiens,4,14,Ἀσπάζεται,ἀσπάζομαι,G0782,59
108897,112736,Colossiens,4,14,ὑμᾶς,σύ,G4771,2896
108898,112737,Colossiens,4,14,Λουκᾶς,Λουκᾶς,G3065,3
108899,112738,Colossiens,4,14,ὁ,ὁ,G3588,19785
108900,112739,Colossiens,4,14,ἰατρὸς,ἰατρός,G2395,7
108901,112740,Colossiens,4,14,ὁ,ὁ,G3588,19785
108902,112741,Colossiens,4,14,ἀγαπητὸς,ἀγαπητός,G0027,61
108903,112742,Colossiens,4,14,καὶ,καί,G2532,9108
108904,112743,Colossiens,4,14,Δημᾶς,Δημᾶς,G1214,3
108905,112744,Colossiens,4,15,Ἀσπάσασθε,ἀσπάζομαι,G0782,59
108906,112745,Colossiens,4,15,τοὺς,ὁ,G3588,19785
108907,112746,Colossiens,4,15,ἐν,ἐν,G1722,2728
108908,112747,Colossiens,4,15,Λαοδικείᾳ,Λαοδίκεια,G2993,6
108909,112748,Colossiens,4,15,ἀδελφοὺς,ἀδελφός,G0080,343
108910,112749,Colossiens,4,15,καὶ,καί,G2532,9108
108911,112750,Colossiens,4,15,Νύμφαν,Νυμφᾶς,G3564,1
108912,112751,Colossiens,4,15,καὶ,καί,G2532,9108
108913,112752,Colossiens,4,15,τὴν,ὁ,G3588,19785
108914,112753,Colossiens,4,15,κατ᾽,κατά,G2596,472
108915,112754,Colossiens,4,15,οἶκον,οἶκος,G3624,112
108916,112756,Colossiens,4,15,ἐκκλησίαν,ἐκκλησία,G1577,114
108917,112757,Colossiens,4,16,καὶ,καί,G2532,9108
108918,112758,Colossiens,4,16,ὅταν,ὅταν,G3752,122
108919,112759,Colossiens,4,16,ἀναγνωσθῆ,ἀναγινώσκω,G0314,32
108920,112760,Colossiens,4,16,παρ᾽,παρά,G3844,194
108921,112761,Colossiens,4,16,ὑμῖν,σύ,G4771,2896
108922,112762,Colossiens,4,16,ἡ,ὁ,G3588,19785
108923,112763,Colossiens,4,16,ἐπιστολή,ἐπιστολή,G1992,24
108924,112764,Colossiens,4,16,ποιήσατε,ποιέω,G4160,568
108925,112765,Colossiens,4,16,ἵνα,ἵνα,G2443,668
108926,112766,Colossiens,4,16,καὶ,καί,G2532,9108
108927,112767,Colossiens,4,16,ἐν,ἐν,G1722,2728
108928,112768,Colossiens,4,16,τῆ,ὁ,G3588,19785
108929,112769,Colossiens,4,16,Λαοδικέων,Λαοδικεύς,G2994,1
108930,112770,Colossiens,4,16,ἐκκλησίᾳ,ἐκκλησία,G1577,114
108931,112771,Colossiens,4,16,ἀναγνωσθῆ,ἀναγινώσκω,G0314,32
108932,112772,Colossiens,4,16,καὶ,καί,G2532,9108
108933,112773,Colossiens,4,16,τὴν,ὁ,G3588,19785
108934,112774,Colossiens,4,16,ἐκ,ἐκ,G1537,912
108935,112775,Colossiens,4,16,Λαοδικείας,Λαοδίκεια,G2993,6
108936,112776,Colossiens,4,16,ἵνα,ἵνα,G2443,668
108937,112777,Colossiens,4,16,καὶ,καί,G2532,9108
108938,112778,Colossiens,4,16,ὑμεῖς,σύ,G4771,2896
108939,112779,Colossiens,4,16,ἀναγνῶτε,ἀναγινώσκω,G0314,32
108940,112780,Colossiens,4,17,καὶ,καί,G2532,9108
108941,112781,Colossiens,4,17,εἴπατε,ἔπω,G2036,929
108942,112782,Colossiens,4,17,Ἀρχίππῳ,Ἄρχιππος,G0751,2
108943,112783,Colossiens,4,17,βλέπε,βλέπω,G0991,132
108944,112784,Colossiens,4,17,τὴν,ὁ,G3588,19785
108945,112785,Colossiens,4,17,διακονίαν,διακονία,G1248,34
108946,112786,Colossiens,4,17,ἣν,ὅς,G3739,1408
108947,112787,Colossiens,4,17,παρέλαβες,παραλαμβάνω,G3880,49
108948,112788,Colossiens,4,17,ἐν,ἐν,G1722,2728
108949,112789,Colossiens,4,17,κυρίῳ,κύριος,G2962,716
108950,112790,Colossiens,4,17,ἵνα,ἵνα,G2443,668
108951,112791,Colossiens,4,17,αὐτὴν,αὐτός,G0846,5558
108952,112792,Colossiens,4,17,πληροῖς,πληρόω,G4137,85
108953,112793,Colossiens,4,18,Ὁ,ὁ,G3588,19785
108954,112794,Colossiens,4,18,ἀσπασμὸς,ἀσπασμός,G0783,10
108955,112795,Colossiens,4,18,τῆ,ὁ,G3588,19785
108956,112796,Colossiens,4,18,ἐμῆ,ἐμός,G1699,72
108957,112797,Colossiens,4,18,χειρὶ,χείρ,G5495,177
108958,112798,Colossiens,4,18,Παύλου,Παῦλος,G3972,158
108959,112799,Colossiens,4,18,μνημονεύετέ,μνημονεύω,G3421,21
108960,112800,Colossiens,4,18,μου,ἐγώ,G1473,2462
108961,112801,Colossiens,4,18,τῶν,ὁ,G3588,19785
108962,112802,Colossiens,4,18,δεσμῶν,δεσμός,G1199,18
108963,112803,Colossiens,4,18,ἡ,ὁ,G3588,19785
108964,112804,Colossiens,4,18,χάρις,χάρις,G5485,154
108965,112805,Colossiens,4,18,μεθ᾽,μετά,G3326,468
108966,112806,Colossiens,4,18,ὑμῶν,σύ,G4771,2896
