w,book,chapter,verse,orig,lex,strong,freq
299610,Habaquq,1,1,הַמַּשָׂא֙,מַשָּׂא,H4853,66.0
299611,Habaquq,1,1,אֲשֶׁ֣ר,אֲשֶׁר,H0834,5499.0
299612,Habaquq,1,1,חָזָ֔ה,חָזָה,H2372,55.0
299613,Habaquq,1,1,חֲבַקּ֖וּק,חֲבַקּוּק,H2265,2.0
299614,Habaquq,1,1,הַנָּבִֽיא׃,נָבִיא,H5030,315.0
299615,Habaquq,1,2,עַד־,עַד,H5704,1261.0
299616,Habaquq,1,2,אָ֧נָה,אָן,H0575,41.0
299617,Habaquq,1,2,יְהוָ֛ה,יהוה,H3068,6528.0
299618,Habaquq,1,2,שִׁוַּ֖עְתִּי,שָׁוַע,H7768,21.0
299619,Habaquq,1,2,וְלֹ֣א,לֹא,H3808,5170.0
299620,Habaquq,1,2,תִשְׁמָ֑ע,שָׁמַע,H8085,1160.0
299621,Habaquq,1,2,אֶזְעַ֥ק,זָעַק,H2199,73.0
299622,Habaquq,1,2,אֵלֶ֛יךָ,אֶל,H0413,5515.0
299623,Habaquq,1,2,חָמָ֖ס,חָמָס,H2555,60.0
299624,Habaquq,1,2,וְלֹ֥א,לֹא,H3808,5170.0
299625,Habaquq,1,2,תוֹשִֽׁיעַ׃,יָשַׁע,H3467,206.0
299626,Habaquq,1,3,לָ֣מָּה,מָה,H4100,753.0
299627,Habaquq,1,3,תַרְאֵ֤נִי,רָאָה,H7200,1300.0
299628,Habaquq,1,3,אָ֙וֶן֙,אָ֫וֶן,H0205,77.0
299629,Habaquq,1,3,וְעָמָ֣ל,עָמָל,H5999,55.0
299630,Habaquq,1,3,תַּבִּ֔יט,נָבַט,H5027,69.0
299631,Habaquq,1,3,וְשֹׁ֥ד,שֹׁד,H7701,25.0
299632,Habaquq,1,3,וְחָמָ֖ס,חָמָס,H2555,60.0
299633,Habaquq,1,3,לְנֶגְדִּ֑י,נֶ֫גֶד,H5048,151.0
299634,Habaquq,1,3,וַיְהִ֧י,הָיָה,H1961,3562.0
299635,Habaquq,1,3,רִ֦יב,רִיב,H7379,61.0
299636,Habaquq,1,3,וּמָד֖וֹן,מָדוֹן,H4066,10.0
299637,Habaquq,1,3,יִשָּֽׂא׃,נָשָׂא,H5375,656.0
299638,Habaquq,1,4,עַל־,עַל,H5921,5774.0
299639,Habaquq,1,4,כֵּן֙,כֵּן,H3651,765.0
299640,Habaquq,1,4,תָּפ֣וּג,פּוּג,H6313,4.0
299641,Habaquq,1,4,תּוֹרָ֔ה,תּוֹרָה,H8451,219.0
299642,Habaquq,1,4,וְלֹֽא־,לֹא,H3808,5170.0
299643,Habaquq,1,4,יֵצֵ֥א,יָצָא,H3318,1067.0
299644,Habaquq,1,4,לָנֶ֖צַח,נֵ֫צַח,H5331,43.0
299645,Habaquq,1,4,מִשְׁפָּ֑ט,מִשְׁפָּט,H4941,422.0
299646,Habaquq,1,4,כִּ֤י,כִּי,H3588,4483.0
299647,Habaquq,1,4,רָשָׁע֙,רָשָׁע,H7563,263.0
299648,Habaquq,1,4,מַכְתִּ֣יר,כָּתַר,H3803,6.0
299649,Habaquq,1,4,אֶת־,אֵת,H0853,10946.0
299650,Habaquq,1,4,הַצַּדִּ֔יק,צַדִּיק,H6662,206.0
299651,Habaquq,1,4,עַל־,עַל,H5921,5774.0
299652,Habaquq,1,4,כֵּ֛ן,כֵּן,H3651,765.0
299653,Habaquq,1,4,יֵצֵ֥א,יָצָא,H3318,1067.0
299654,Habaquq,1,4,מִשְׁפָּ֖ט,מִשְׁפָּט,H4941,422.0
299655,Habaquq,1,4,מְעֻקָּֽל׃,עָקַל,H6127,1.0
299656,Habaquq,1,5,רְא֤וּ,רָאָה,H7200,1300.0
299657,Habaquq,1,5,בַגּוֹיִם֙,גּוֹי,H1471,561.0
299658,Habaquq,1,5,וְֽהַבִּ֔יטוּ,נָבַט,H5027,69.0
299659,Habaquq,1,5,וְהִֽתַּמְּה֖וּ,תָּמַהּ,H8539,9.0
299660,Habaquq,1,5,תְּמָ֑הוּ,תָּמַהּ,H8539,9.0
299661,Habaquq,1,5,כִּי־,כִּי,H3588,4483.0
299662,Habaquq,1,5,פֹ֙עַל֙,פֹּ֫עַל,H6467,37.0
299663,Habaquq,1,5,פֹּעֵ֣ל,פָּעַל,H6466,57.0
299664,Habaquq,1,5,בִּֽימֵיכֶ֔ם,יוֹם,H3117,2306.0
299665,Habaquq,1,5,לֹ֥א,לֹא,H3808,5170.0
299666,Habaquq,1,5,תַאֲמִ֖ינוּ,אָמַן,H0539,106.0
299667,Habaquq,1,5,כִּ֥י,כִּי,H3588,4483.0
299668,Habaquq,1,5,יְסֻפָּֽר׃,סָפַר,H5608,159.0
299669,Habaquq,1,6,כִּֽי־,כִּי,H3588,4483.0
299670,Habaquq,1,6,הִנְנִ֤י,הֵן,H2005,316.0
299671,Habaquq,1,6,מֵקִים֙,קוּם,H6965,628.0
299672,Habaquq,1,6,אֶת־,אֵת,H0853,10946.0
299673,Habaquq,1,6,הַכַּשְׂדִּ֔ים,כַּשְׂדִּים,H3778,80.0
299674,Habaquq,1,6,הַגּ֖וֹי,גּוֹי,H1471,561.0
299675,Habaquq,1,6,הַמַּ֣ר,מַר,H4751,39.0
299676,Habaquq,1,6,וְהַנִּמְהָ֑ר,מָהַר,H4116,68.0
299677,Habaquq,1,6,הַֽהוֹלֵךְ֙,הָלַךְ,H1980,1549.0
299678,Habaquq,1,6,לְמֶרְחֲבֵי־,מֶרְחָב,H4800,6.0
299679,Habaquq,1,6,אֶ֔רֶץ,אֶ֫רֶץ,H0776,2504.0
299680,Habaquq,1,6,לָרֶ֖שֶׁת,יָרַשׁ,H3423,231.0
299681,Habaquq,1,6,מִשְׁכָּנ֥וֹת,מִשְׁכָּן,H4908,139.0
299682,Habaquq,1,6,לֹּא־,לֹא,H3808,5170.0
299683,Habaquq,1,6,לֽוֹ׃,,H9033,1549.0
299684,Habaquq,1,7,אָיֹ֥ם,אָיֹם,H0366,3.0
299685,Habaquq,1,7,וְנוֹרָ֖א,יָרֵא,H3372,314.0
299686,Habaquq,1,7,ה֑וּא,הוּא,H1931,1878.0
299687,Habaquq,1,7,מִמֶּ֕נּוּ,מִן־,H4480,1188.0
299688,Habaquq,1,7,מִשְׁפָּט֥וֹ,מִשְׁפָּט,H4941,422.0
299689,Habaquq,1,7,וּשְׂאֵת֖וֹ,שְׂאֵת,H7613,14.0
299690,Habaquq,1,7,יֵצֵֽא׃,יָצָא,H3318,1067.0
299691,Habaquq,1,8,וְקַלּ֨וּ,קָלַל,H7043,82.0
299692,Habaquq,1,8,מִנְּמֵרִ֜ים,נָמֵר,H5246,6.0
299693,Habaquq,1,8,סוּסָ֗יו,סוּס,H5483,140.0
299694,Habaquq,1,8,וְחַדּוּ֙,חָדַד,H2300,6.0
299695,Habaquq,1,8,מִזְּאֵ֣בֵי,זְאֵב,H2061,7.0
299696,Habaquq,1,8,עֶ֔רֶב,עֶ֫רֶב,H6153,134.0
299697,Habaquq,1,8,וּפָ֖שׁוּ,פּוּשׁ,H6335,4.0
299698,Habaquq,1,8,פָּֽרָשָׁ֑יו,פָּרָשׁ,H6571,57.0
299699,Habaquq,1,8,וּפָֽרָשָׁיו֙,פָּרָשׁ,H6571,57.0
299700,Habaquq,1,8,מֵרָח֣וֹק,רָחֹק,H7350,84.0
299701,Habaquq,1,8,יָבֹ֔אוּ,בּוֹא,H0935,2572.0
299702,Habaquq,1,8,יָעֻ֕פוּ,עוּף,H5774,26.0
299703,Habaquq,1,8,כְּנֶ֖שֶׁר,נֶשֶׁר,H5404,26.0
299704,Habaquq,1,8,חָ֥שׁ,חוּשׁ,H2363,20.0
299705,Habaquq,1,8,לֶאֱכֽוֹל׃,אָכַל,H0398,810.0
299706,Habaquq,1,9,כֻּלֹּה֙,כֹּל,H3605,5415.0
299707,Habaquq,1,9,לְחָמָ֣ס,חָמָס,H2555,60.0
299708,Habaquq,1,9,יָב֔וֹא,בּוֹא,H0935,2572.0
299709,Habaquq,1,9,מְגַמַּ֥ת,מְגַמָּה,H4041,1.0
299710,Habaquq,1,9,פְּנֵיהֶ֖ם,פָּנֶה,H6440,2127.0
299711,Habaquq,1,9,קָדִ֑ימָה,קָדִים,H6921,69.0
299712,Habaquq,1,9,וַיֶּאֱסֹ֥ף,אָסַף,H0622,200.0
299713,Habaquq,1,9,כַּח֖וֹל,חוֹל,H2344,23.0
299714,Habaquq,1,9,שֶֽׁבִי׃,שְׁבִי,H7628,50.0
299715,Habaquq,1,10,וְהוּא֙,הוּא,H1931,1878.0
299716,Habaquq,1,10,בַּמְּלָכִ֣ים,מֶ֫לֶךְ,H4428,2526.0
299717,Habaquq,1,10,יִתְקַלָּ֔ס,קָלַס,H7046,4.0
299718,Habaquq,1,10,וְרֹזְנִ֖ים,רָזַן,H7336,6.0
299719,Habaquq,1,10,מִשְׂחָ֣ק,מִשְׂחַק,H4890,1.0
299720,Habaquq,1,10,ל֑וֹ,,H9033,1549.0
299721,Habaquq,1,10,ה֚וּא,הוּא,H1931,1878.0
299722,Habaquq,1,10,לְכָל־,כֹּל,H3605,5415.0
299723,Habaquq,1,10,מִבְצָ֣ר,מִבְצָר,H4013,37.0
299724,Habaquq,1,10,יִשְׂחָ֔ק,שָׂחַק,H7832,36.0
299725,Habaquq,1,10,וַיִּצְבֹּ֥ר,צָבַר,H6651,7.0
299726,Habaquq,1,10,עָפָ֖ר,עָפָר,H6083,110.0
299727,Habaquq,1,10,וַֽיִּלְכְּדָֽהּ׃,לָכַד,H3920,121.0
299728,Habaquq,1,11,אָ֣ז,אָז,H0227,141.0
299729,Habaquq,1,11,חָלַ֥ף,חָלַף,H2498,28.0
299730,Habaquq,1,11,ר֛וּחַ,רוּחַ,H7307,378.0
299731,Habaquq,1,11,וַֽיַּעֲבֹ֖ר,עָבַר,H5674,556.0
299732,Habaquq,1,11,וְאָשֵׁ֑ם,אָשַׁם,H0816,35.0
299733,Habaquq,1,11,ז֥וּ,זוּ,H2098,15.0
299734,Habaquq,1,11,כֹח֖וֹ,כֹּחַ,H3581,126.0
299735,Habaquq,1,11,לֵאלֹהֽוֹ׃,אֱלֹהַּ,H0433,57.0
299736,Habaquq,1,12,הֲל֧וֹא,לֹא,H3808,5170.0
299737,Habaquq,1,12,אַתָּ֣ה,אַתָּ֫ה,H0859,1094.0
299738,Habaquq,1,12,מִקֶּ֗דֶם,קֶ֫דֶם,H6924,87.0
299739,Habaquq,1,12,יְהוָ֧ה,יהוה,H3068,6528.0
299740,Habaquq,1,12,אֱלֹהַ֛י,אֱלֹהִים,H0430,2603.0
299741,Habaquq,1,12,קְדֹשִׁ֖י,קָדוֹשׁ,H6918,116.0
299742,Habaquq,1,12,לֹ֣א,לֹא,H3808,5170.0
299743,Habaquq,1,12,נָמ֑וּת,מוּת,H4191,840.0
299744,Habaquq,1,12,יְהוָה֙,יהוה,H3068,6528.0
299745,Habaquq,1,12,לְמִשְׁפָּ֣ט,מִשְׁפָּט,H4941,422.0
299746,Habaquq,1,12,שַׂמְתּ֔וֹ,שׂוּם,H7760,585.0
299747,Habaquq,1,12,וְצ֖וּר,צוּר,H6697,78.0
299748,Habaquq,1,12,לְהוֹכִ֥יחַ,יָכַח,H3198,59.0
299749,Habaquq,1,12,יְסַדְתּֽוֹ׃,יָסַד,H3245,43.0
299750,Habaquq,1,13,טְה֤וֹר,טְהוֹר,H2890,1.0
299751,Habaquq,1,13,עֵינַ֙יִם֙,עַ֫יִן,H5869,887.0
299752,Habaquq,1,13,מֵרְא֣וֹת,רָאָה,H7200,1300.0
299753,Habaquq,1,13,רָ֔ע,רַע,H7451,665.0
299754,Habaquq,1,13,וְהַבִּ֥יט,נָבַט,H5027,69.0
299755,Habaquq,1,13,אֶל־,אֶל,H0413,5515.0
299756,Habaquq,1,13,עָמָ֖ל,עָמָל,H5999,55.0
299757,Habaquq,1,13,לֹ֣א,לֹא,H3808,5170.0
299758,Habaquq,1,13,תוּכָ֑ל,יָכֹל,H3201,194.0
299759,Habaquq,1,13,לָ֤מָּה,מָה,H4100,753.0
299760,Habaquq,1,13,תַבִּיט֙,נָבַט,H5027,69.0
299761,Habaquq,1,13,בּֽוֹגְדִ֔ים,בָּגַד,H0898,49.0
299762,Habaquq,1,13,תַּחֲרִ֕ישׁ,חָרֵשׁ,H2790,72.0
299763,Habaquq,1,13,בְּבַלַּ֥ע,בָּלַע,H1104,49.0
299764,Habaquq,1,13,רָשָׁ֖ע,רָשָׁע,H7563,263.0
299765,Habaquq,1,13,צַדִּ֥יק,צַדִּיק,H6662,206.0
299766,Habaquq,1,13,מִמֶּֽנּוּ׃,מִן־,H4480,1188.0
299767,Habaquq,1,14,וַתַּעֲשֶׂ֥ה,עָשָׂה,H6213,2629.0
299768,Habaquq,1,14,אָדָ֖ם,אָדָם,H0120,551.0
299769,Habaquq,1,14,כִּדְגֵ֣י,דָּג,H1709,19.0
299770,Habaquq,1,14,הַיָּ֑ם,יָם,H3220,396.0
299771,Habaquq,1,14,כְּרֶ֖מֶשׂ,רֶ֫מֶשׂ,H7431,17.0
299772,Habaquq,1,14,לֹא־,לֹא,H3808,5170.0
299773,Habaquq,1,14,מֹשֵׁ֥ל,מָשַׁל,H4910,81.0
299774,Habaquq,1,14,בּֽוֹ׃,,H9033,1549.0
299775,Habaquq,1,15,כֻּלֹּה֙,כֹּל,H3605,5415.0
299776,Habaquq,1,15,בְּחַכָּ֣ה,חַכָּה,H2443,3.0
299777,Habaquq,1,15,הֵֽעֲלָ֔ה,עָלָה,H5927,890.0
299778,Habaquq,1,15,יְגֹרֵ֣הוּ,גָּרַר,H1641,6.0
299779,Habaquq,1,15,בְחֶרְמ֔וֹ,חֵ֫רֶם,H2764,38.0
299780,Habaquq,1,15,וְיַאַסְפֵ֖הוּ,אָסַף,H0622,200.0
299781,Habaquq,1,15,בְּמִכְמַרְתּ֑וֹ,מִכְמֶ֫רֶת,H4365,3.0
299782,Habaquq,1,15,עַל־,עַל,H5921,5774.0
299783,Habaquq,1,15,כֵּ֖ן,כֵּן,H3651,765.0
299784,Habaquq,1,15,יִשְׂמַ֥ח,שָׂמַח,H8055,155.0
299785,Habaquq,1,15,וְיָגִֽיל׃,גִּיל,H1523,45.0
299786,Habaquq,1,16,עַל־,עַל,H5921,5774.0
299787,Habaquq,1,16,כֵּן֙,כֵּן,H3651,765.0
299788,Habaquq,1,16,יְזַבֵּ֣חַ,זָבַח,H2076,134.0
299789,Habaquq,1,16,לְחֶרְמ֔וֹ,חֵ֫רֶם,H2764,38.0
299790,Habaquq,1,16,וִֽיקַטֵּ֖ר,קָטַר,H6999,116.0
299791,Habaquq,1,16,לְמִכְמַרְתּ֑וֹ,מִכְמֶ֫רֶת,H4365,3.0
299792,Habaquq,1,16,כִּ֤י,כִּי,H3588,4483.0
299793,Habaquq,1,16,בָהֵ֙מָּה֙,,H9038,1125.0
299794,Habaquq,1,16,שָׁמֵ֣ן,שָׁמֵן,H8082,10.0
299795,Habaquq,1,16,חֶלְק֔וֹ,חֵ֫לֶק,H2506,67.0
299796,Habaquq,1,16,וּמַאֲכָל֖וֹ,מַאֲכָל,H3978,30.0
299797,Habaquq,1,16,בְּרִאָֽה׃,בָּרִיא,H1277,13.0
299798,Habaquq,1,17,הַ֥עַל,עַל,H5921,5774.0
299799,Habaquq,1,17,כֵּ֖ן,כֵּן,H3651,765.0
299800,Habaquq,1,17,יָרִ֣יק,רִיק,H7324,19.0
299801,Habaquq,1,17,חֶרְמ֑וֹ,חֵ֫רֶם,H2764,38.0
299802,Habaquq,1,17,וְתָמִ֛יד,תָּמִיד,H8548,104.0
299803,Habaquq,1,17,לַהֲרֹ֥ג,הָרַג,H2026,167.0
299804,Habaquq,1,17,גּוֹיִ֖ם,גּוֹי,H1471,561.0
299805,Habaquq,1,17,לֹ֥א,לֹא,H3808,5170.0
299806,Habaquq,1,17,יַחְמֽוֹל׃ ס,חָמַל,H2550,41.0
299807,Habaquq,2,1,עַל־,עַל,H5921,5774.0
299808,Habaquq,2,1,מִשְׁמַרְתִּ֣י,מִשְׁמֶ֫רֶת,H4931,78.0
299809,Habaquq,2,1,אֶעֱמֹ֔דָה,עָמַד,H5975,521.0
299810,Habaquq,2,1,וְאֶֽתְיַצְּבָ֖ה,יָצַב,H3320,48.0
299811,Habaquq,2,1,עַל־,עַל,H5921,5774.0
299812,Habaquq,2,1,מָצ֑וֹר,מָצוֹר,H4692,25.0
299813,Habaquq,2,1,וַאֲצַפֶּ֗ה,צָפָה,H6822,36.0
299814,Habaquq,2,1,לִרְאוֹת֙,רָאָה,H7200,1300.0
299815,Habaquq,2,1,מַה־,מָה,H4100,753.0
299816,Habaquq,2,1,יְדַבֶּר־,דָבַר,H1696,1142.0
299817,Habaquq,2,1,בִּ֔י,,H9030,909.0
299818,Habaquq,2,1,וּמָ֥ה,מָה,H4100,753.0
299819,Habaquq,2,1,אָשִׁ֖יב,שׁוּב,H7725,1057.0
299820,Habaquq,2,1,עַל־,עַל,H5921,5774.0
299821,Habaquq,2,1,תּוֹכַחְתִּֽי׃,תּוֹכַ֫חַת,H8433,28.0
299822,Habaquq,2,2,וַיַּעֲנֵ֤נִי,עָנָה,H6030,332.0
299823,Habaquq,2,2,יְהוָה֙,יהוה,H3068,6528.0
299824,Habaquq,2,2,וַיֹּ֔אמֶר,אָמַר,H0559,5309.0
299825,Habaquq,2,2,כְּת֣וֹב,כָּתַב,H3789,224.0
299826,Habaquq,2,2,חָז֔וֹן,חָזוֹן,H2377,35.0
299827,Habaquq,2,2,וּבָאֵ֖ר,בָּאַר,H0874,3.0
299828,Habaquq,2,2,עַל־,עַל,H5921,5774.0
299829,Habaquq,2,2,הַלֻּח֑וֹת,לוּחַ,H3871,43.0
299830,Habaquq,2,2,לְמַ֥עַן,מַ֫עַן,H4616,272.0
299831,Habaquq,2,2,יָר֖וּץ,רוּץ,H7323,103.0
299832,Habaquq,2,2,ק֥וֹרֵא,קָרָא,H7121,733.0
299833,Habaquq,2,2,בֽוֹ׃,,H9033,1549.0
299834,Habaquq,2,3,כִּ֣י,כִּי,H3588,4483.0
299835,Habaquq,2,3,ע֤וֹד,עוֹד,H5750,490.0
299836,Habaquq,2,3,חָזוֹן֙,חָזוֹן,H2377,35.0
299837,Habaquq,2,3,לַמּוֹעֵ֔ד,מוֹעֵד,H4150,223.0
299838,Habaquq,2,3,וְיָפֵ֥חַ,פּוּחַ,H6315,14.0
299839,Habaquq,2,3,לַקֵּ֖ץ,קֵץ,H7093,67.0
299840,Habaquq,2,3,וְלֹ֣א,לֹא,H3808,5170.0
299841,Habaquq,2,3,יְכַזֵּ֑ב,כָּזַב,H3576,16.0
299842,Habaquq,2,3,אִם־,אִם,H0518,1070.0
299843,Habaquq,2,3,יִתְמַהְמָהּ֙,מָהַהּ,H4102,9.0
299844,Habaquq,2,3,חַכֵּה־,חָכָה,H2442,14.0
299845,Habaquq,2,3,ל֔וֹ,,H9033,1549.0
299846,Habaquq,2,3,כִּֽי־,כִּי,H3588,4483.0
299847,Habaquq,2,3,בֹ֥א,בּוֹא,H0935,2572.0
299848,Habaquq,2,3,יָבֹ֖א,בּוֹא,H0935,2572.0
299849,Habaquq,2,3,לֹ֥א,לֹא,H3808,5170.0
299850,Habaquq,2,3,יְאַחֵֽר׃,אָחַר,H0309,17.0
299851,Habaquq,2,4,הִנֵּ֣ה,הִנֵּה,H2009,843.0
299852,Habaquq,2,4,עֻפְּלָ֔ה,עָפַל,H6075,2.0
299853,Habaquq,2,4,לֹא־,לֹא,H3808,5170.0
299854,Habaquq,2,4,יָשְׁרָ֥ה,יָשַׁר,H3474,25.0
299855,Habaquq,2,4,נַפְשׁ֖וֹ,נֶ֫פֶשׁ,H5315,754.0
299856,Habaquq,2,4,בּ֑וֹ,,H9033,1549.0
299857,Habaquq,2,4,וְצַדִּ֖יק,צַדִּיק,H6662,206.0
299858,Habaquq,2,4,בֶּאֱמוּנָת֥וֹ,אֱמוּנָה,H0530,49.0
299859,Habaquq,2,4,יִחְיֶֽה׃,חָיָה,H2421,282.0
299860,Habaquq,2,5,וְאַף֙,אַף,H0637,134.0
299861,Habaquq,2,5,כִּֽי־,כִּי,H3588,4483.0
299862,Habaquq,2,5,הַיַּ֣יִן,יַ֫יִן,H3196,141.0
299863,Habaquq,2,5,בּוֹגֵ֔ד,בָּגַד,H0898,49.0
299864,Habaquq,2,5,גֶּ֥בֶר,גֶּ֫בֶר,H1397,65.0
299865,Habaquq,2,5,יָהִ֖יר,יָהִיר,H3093,2.0
299866,Habaquq,2,5,וְלֹ֣א,לֹא,H3808,5170.0
299867,Habaquq,2,5,יִנְוֶ֑ה,נָוָה,H5115,2.0
299868,Habaquq,2,5,אֲשֶׁר֩,אֲשֶׁר,H0834,5499.0
299869,Habaquq,2,5,הִרְחִ֨יב,רָחַב,H7337,25.0
299870,Habaquq,2,5,כִּשְׁא֜וֹל,שְׁאוֹל,H7585,66.0
299871,Habaquq,2,5,נַפְשׁ֗וֹ,נֶ֫פֶשׁ,H5315,754.0
299872,Habaquq,2,5,וְה֤וּא,הוּא,H1931,1878.0
299873,Habaquq,2,5,כַמָּ֙וֶת֙,מָ֫וֶת,H4194,155.0
299874,Habaquq,2,5,וְלֹ֣א,לֹא,H3808,5170.0
299875,Habaquq,2,5,יִשְׂבָּ֔ע,שָׂבֵעַ,H7646,97.0
299876,Habaquq,2,5,וַיֶּאֱסֹ֤ף,אָסַף,H0622,200.0
299877,Habaquq,2,5,אֵלָיו֙,אֶל,H0413,5515.0
299878,Habaquq,2,5,כָּל־,כֹּל,H3605,5415.0
299879,Habaquq,2,5,הַגּוֹיִ֔ם,גּוֹי,H1471,561.0
299880,Habaquq,2,5,וַיִּקְבֹּ֥ץ,קָבַץ,H6908,127.0
299881,Habaquq,2,5,אֵלָ֖יו,אֶל,H0413,5515.0
299882,Habaquq,2,5,כָּל־,כֹּל,H3605,5415.0
299883,Habaquq,2,5,הָעַמִּֽים׃,עַם,H5971,1872.0
299884,Habaquq,2,6,הֲלוֹא־,לֹא,H3808,5170.0
299885,Habaquq,2,6,אֵ֣לֶּה,אֵ֫לֶּה,H0428,746.0
299886,Habaquq,2,6,כֻלָּ֗ם,כֹּל,H3605,5415.0
299887,Habaquq,2,6,עָלָיו֙,עַל,H5921,5774.0
299888,Habaquq,2,6,מָשָׁ֣ל,מָשָׁל,H4912,39.0
299889,Habaquq,2,6,יִשָּׂ֔אוּ,נָשָׂא,H5375,656.0
299890,Habaquq,2,6,וּמְלִיצָ֖ה,מְלִיצָה,H4426,2.0
299891,Habaquq,2,6,חִיד֣וֹת,חִידָה,H2420,17.0
299892,Habaquq,2,6,ל֑וֹ,,H9033,1549.0
299893,Habaquq,2,6,וְיֹאמַ֗ר,אָמַר,H0559,5309.0
299894,Habaquq,2,6,ה֚וֹי,הוֹי,H1945,51.0
299895,Habaquq,2,6,הַמַּרְבֶּ֣ה,רָבָה,H7235,227.0
299896,Habaquq,2,6,לֹּא־,לֹא,H3808,5170.0
299897,Habaquq,2,6,ל֔וֹ,,H9033,1549.0
299898,Habaquq,2,6,עַד־,עַד,H5704,1261.0
299899,Habaquq,2,6,מָתַ֕י,מָתַי,H4970,43.0
299900,Habaquq,2,6,וּמַכְבִּ֥יד,כָּבֵד,H3513,113.0
299901,Habaquq,2,6,עָלָ֖יו,עַל,H5921,5774.0
299902,Habaquq,2,6,עַבְטִֽיט׃,עַבְטִיט,H5671,1.0
299903,Habaquq,2,7,הֲל֣וֹא,לֹא,H3808,5170.0
299904,Habaquq,2,7,פֶ֗תַע,פֶּתַע,H6621,7.0
299905,Habaquq,2,7,יָק֙וּמוּ֙,קוּם,H6965,628.0
299906,Habaquq,2,7,נֹשְׁכֶ֔יךָ,נָשַׁךְ,H5391,16.0
299907,Habaquq,2,7,וְיִקְצ֖וּ,יָקַץ,H3364,11.0
299908,Habaquq,2,7,מְזַעְזְעֶ֑יךָ,זוּעַ,H2111,3.0
299909,Habaquq,2,7,וְהָיִ֥יתָ,הָיָה,H1961,3562.0
299910,Habaquq,2,7,לִמְשִׁסּ֖וֹת,מְשִׁסָּה,H4933,6.0
299911,Habaquq,2,7,לָֽמוֹ׃,,H9038,1125.0
299912,Habaquq,2,8,כִּֽי,כִּי,H3588,4483.0
299913,Habaquq,2,8,אַתָּ֤ה,אַתָּ֫ה,H0859,1094.0
299914,Habaquq,2,8,שַׁלּ֙וֹתָ֙,שָׁלַל,H7997,16.0
299915,Habaquq,2,8,גּוֹיִ֣ם,גּוֹי,H1471,561.0
299916,Habaquq,2,8,רַבִּ֔ים,רַב,H7227,454.0
299917,Habaquq,2,8,יְשָׁלּ֖וּךָ,שָׁלַל,H7997,16.0
299918,Habaquq,2,8,כָּל־,כֹּל,H3605,5415.0
299919,Habaquq,2,8,יֶ֣תֶר,יֶ֫תֶר,H3499,102.0
299920,Habaquq,2,8,עַמִּ֑ים,עַם,H5971,1872.0
299921,Habaquq,2,8,מִדְּמֵ֤י,דָּם,H1818,360.0
299922,Habaquq,2,8,אָדָם֙,אָדָם,H0120,551.0
299923,Habaquq,2,8,וַחֲמַס־,חָמָס,H2555,60.0
299924,Habaquq,2,8,אֶ֔רֶץ,אֶ֫רֶץ,H0776,2504.0
299925,Habaquq,2,8,קִרְיָ֖ה,קִרְיָה,H7151,29.0
299926,Habaquq,2,8,וְכָל־,כֹּל,H3605,5415.0
299927,Habaquq,2,8,יֹ֥שְׁבֵי,יָשַׁב,H3427,1078.0
299928,Habaquq,2,8,בָֽהּ׃ פ,,H9034,490.0
299929,Habaquq,2,9,ה֗וֹי,הוֹי,H1945,51.0
299930,Habaquq,2,9,בֹּצֵ֛עַ,בָּצַע,H1214,16.0
299931,Habaquq,2,9,בֶּ֥צַע,בֶּ֫צַע,H1215,23.0
299932,Habaquq,2,9,רָ֖ע,רַע,H7451,665.0
299933,Habaquq,2,9,לְבֵית֑וֹ,בַּ֫יִת,H1004,2049.0
299934,Habaquq,2,9,לָשׂ֤וּם,שׂוּם,H7760,585.0
299935,Habaquq,2,9,בַּמָּרוֹם֙,מָרוֹם,H4791,54.0
299936,Habaquq,2,9,קִנּ֔וֹ,קֵן,H7064,13.0
299937,Habaquq,2,9,לְהִנָּצֵ֖ל,נָצַל,H5337,213.0
299938,Habaquq,2,9,מִכַּף־,כַּף,H3709,193.0
299939,Habaquq,2,9,רָֽע׃,רַע,H7451,665.0
299940,Habaquq,2,10,יָעַ֥צְתָּ,יָעַץ,H3289,79.0
299941,Habaquq,2,10,בֹּ֖שֶׁת,בֹּ֫שֶׁת,H1322,30.0
299942,Habaquq,2,10,לְבֵיתֶ֑ךָ,בַּ֫יִת,H1004,2049.0
299943,Habaquq,2,10,קְצוֹת־,קָצָה,H7096,5.0
299944,Habaquq,2,10,עַמִּ֥ים,עַם,H5971,1872.0
299945,Habaquq,2,10,רַבִּ֖ים,רַב,H7227,454.0
299946,Habaquq,2,10,וְחוֹטֵ֥א,חָטָא,H2398,238.0
299947,Habaquq,2,10,נַפְשֶֽׁךָ׃,נֶ֫פֶשׁ,H5315,754.0
299948,Habaquq,2,11,כִּי־,כִּי,H3588,4483.0
299949,Habaquq,2,11,אֶ֖בֶן,אֶ֫בֶן,H0068,273.0
299950,Habaquq,2,11,מִקִּ֣יר,קִיר,H7023,75.0
299951,Habaquq,2,11,תִּזְעָ֑ק,זָעַק,H2199,73.0
299952,Habaquq,2,11,וְכָפִ֖יס,כָּפִיס,H3714,1.0
299953,Habaquq,2,11,מֵעֵ֥ץ,עֵץ,H6086,330.0
299954,Habaquq,2,11,יַעֲנֶֽנָּה׃ פ,עָנָה,H6030,332.0
299955,Habaquq,2,12,ה֛וֹי,הוֹי,H1945,51.0
299956,Habaquq,2,12,בֹּנֶ֥ה,בָּנָה,H1129,376.0
299957,Habaquq,2,12,עִ֖יר,עִיר,H5892,1089.0
299958,Habaquq,2,12,בְּדָמִ֑ים,דָּם,H1818,360.0
299959,Habaquq,2,12,וְכוֹנֵ֥ן,כּוּן,H3559,217.0
299960,Habaquq,2,12,קִרְיָ֖ה,קִרְיָה,H7151,29.0
299961,Habaquq,2,12,בְּעַוְלָֽה׃,עַוְלָה,H5766,54.0
299962,Habaquq,2,13,הֲל֣וֹא,לֹא,H3808,5170.0
299963,Habaquq,2,13,הִנֵּ֔ה,הִנֵּה,H2009,843.0
299964,Habaquq,2,13,מֵאֵ֖ת,אֵת,H0854,929.0
299965,Habaquq,2,13,יְהוָ֣ה,יהוה,H3068,6528.0
299966,Habaquq,2,13,צְבָא֑וֹת,צָבָא,H6635,484.0
299967,Habaquq,2,13,וְיִֽיגְע֤וּ,יָגֵעַ,H3021,26.0
299968,Habaquq,2,13,עַמִּים֙,עַם,H5971,1872.0
299969,Habaquq,2,13,בְּדֵי־,דַּי,H1767,38.0
299970,Habaquq,2,13,אֵ֔שׁ,אֵשׁ,H0784,378.0
299971,Habaquq,2,13,וּלְאֻמִּ֖ים,לְאֹם,H3816,31.0
299972,Habaquq,2,13,בְּדֵי־,דַּי,H1767,38.0
299973,Habaquq,2,13,רִ֥יק,רִיק,H7385,12.0
299974,Habaquq,2,13,יִעָֽפוּ׃,יָעֵף,H3286,9.0
299975,Habaquq,2,14,כִּ֚י,כִּי,H3588,4483.0
299976,Habaquq,2,14,תִּמָּלֵ֣א,מָלֵא,H4390,247.0
299977,Habaquq,2,14,הָאָ֔רֶץ,אֶ֫רֶץ,H0776,2504.0
299978,Habaquq,2,14,לָדַ֖עַת,יָדַע,H3045,946.0
299979,Habaquq,2,14,אֶת־,אֵת,H0853,10946.0
299980,Habaquq,2,14,כְּב֣וֹד,כָּבוֹד,H3519,200.0
299981,Habaquq,2,14,יְהוָ֑ה,יהוה,H3068,6528.0
299982,Habaquq,2,14,כַּמַּ֖יִם,מַי,H4325,581.0
299983,Habaquq,2,14,יְכַסּ֥וּ,כָּסָה,H3680,152.0
299984,Habaquq,2,14,עַל־,עַל,H5921,5774.0
299985,Habaquq,2,14,יָֽם׃ ס,יָם,H3220,396.0
299986,Habaquq,2,15,ה֚וֹי,הוֹי,H1945,51.0
299987,Habaquq,2,15,מַשְׁקֵ֣ה,שָׁקָה,H8248,61.0
299988,Habaquq,2,15,רֵעֵ֔הוּ,רֵעַ,H7453,188.0
299989,Habaquq,2,15,מְסַפֵּ֥חַ,סָפַח,H5596,6.0
299990,Habaquq,2,15,חֲמָתְךָ֖,חֵמָה,H2534,125.0
299991,Habaquq,2,15,וְאַ֣ף,אַף,H0637,134.0
299992,Habaquq,2,15,שַׁכֵּ֑ר,שָׁכַר,H7937,19.0
299993,Habaquq,2,15,לְמַ֥עַן,מַ֫עַן,H4616,272.0
299994,Habaquq,2,15,הַבִּ֖יט,נָבַט,H5027,69.0
299995,Habaquq,2,15,עַל־,עַל,H5921,5774.0
299996,Habaquq,2,15,מְעוֹרֵיהֶֽם׃,מָעוֹר,H4589,1.0
299997,Habaquq,2,16,שָׂבַ֤עְתָּ,שָׂבֵעַ,H7646,97.0
299998,Habaquq,2,16,קָלוֹן֙,קָלוֹן,H7036,17.0
299999,Habaquq,2,16,מִכָּב֔וֹד,כָּבוֹד,H3519,200.0
300000,Habaquq,2,16,שְׁתֵ֥ה,שָׁתָה,H8354,217.0
300001,Habaquq,2,16,גַם־,גַּם,H1571,769.0
300002,Habaquq,2,16,אַ֖תָּה,אַתָּ֫ה,H0859,1094.0
300003,Habaquq,2,16,וְהֵֽעָרֵ֑ל,עָרַל,H6188,2.0
300004,Habaquq,2,16,תִּסּ֣וֹב,סָבַב,H5437,161.0
300005,Habaquq,2,16,עָלֶ֗יךָ,עַל,H5921,5774.0
300006,Habaquq,2,16,כּ֚וֹס,כּוֹס,H3563,34.0
300007,Habaquq,2,16,יְמִ֣ין,יָמִין,H3225,140.0
300008,Habaquq,2,16,יְהוָ֔ה,יהוה,H3068,6528.0
300009,Habaquq,2,16,וְקִיקָל֖וֹן,קִיקָלוֹן,H7022,1.0
300010,Habaquq,2,16,עַל־,עַל,H5921,5774.0
300011,Habaquq,2,16,כְּבוֹדֶֽךָ׃,כָּבוֹד,H3519,200.0
300012,Habaquq,2,17,כִּ֣י,כִּי,H3588,4483.0
300013,Habaquq,2,17,חֲמַ֤ס,חָמָס,H2555,60.0
300014,Habaquq,2,17,לְבָנוֹן֙,לְבָנוֹן,H3844,71.0
300015,Habaquq,2,17,יְכַסֶּ֔ךָּ,כָּסָה,H3680,152.0
300016,Habaquq,2,17,וְשֹׁ֥ד,שֹׁד,H7701,25.0
300017,Habaquq,2,17,בְּהֵמ֖וֹת,בְּהֵמָה,H0929,190.0
300018,Habaquq,2,17,יְחִיתַ֑ן,חָתַת,H2865,52.0
300019,Habaquq,2,17,מִדְּמֵ֤י,דָּם,H1818,360.0
300020,Habaquq,2,17,אָדָם֙,אָדָם,H0120,551.0
300021,Habaquq,2,17,וַחֲמַס־,חָמָס,H2555,60.0
300022,Habaquq,2,17,אֶ֔רֶץ,אֶ֫רֶץ,H0776,2504.0
300023,Habaquq,2,17,קִרְיָ֖ה,קִרְיָה,H7151,29.0
300024,Habaquq,2,17,וְכָל־,כֹּל,H3605,5415.0
300025,Habaquq,2,17,יֹ֥שְׁבֵי,יָשַׁב,H3427,1078.0
300026,Habaquq,2,17,בָֽהּ׃ ס,,H9034,490.0
300027,Habaquq,2,18,מָֽה־,מָה,H4100,753.0
300028,Habaquq,2,18,הוֹעִ֣יל,יָעַל,H3276,23.0
300029,Habaquq,2,18,פֶּ֗סֶל,פֶּ֫סֶל,H6459,31.0
300030,Habaquq,2,18,כִּ֤י,כִּי,H3588,4483.0
300031,Habaquq,2,18,פְסָלוֹ֙,פָּסַל,H6458,6.0
300032,Habaquq,2,18,יֹֽצְר֔וֹ,יָצַר,H3335,62.0
300033,Habaquq,2,18,מַסֵּכָ֖ה,מַסֵּכָה,H4541,28.0
300034,Habaquq,2,18,וּמ֣וֹרֶה,יָרָה,H3384,80.0
300035,Habaquq,2,18,שָּׁ֑קֶר,שֶׁ֫קֶר,H8267,113.0
300036,Habaquq,2,18,כִּ֣י,כִּי,H3588,4483.0
300037,Habaquq,2,18,בָטַ֞ח,בָּטַח,H0982,120.0
300038,Habaquq,2,18,יֹצֵ֤ר,יָצַר,H3335,62.0
300039,Habaquq,2,18,יִצְרוֹ֙,יֵ֫צֶר,H3336,9.0
300040,Habaquq,2,18,עָלָ֔יו,עַל,H5921,5774.0
300041,Habaquq,2,18,לַעֲשׂ֖וֹת,עָשָׂה,H6213,2629.0
300042,Habaquq,2,18,אֱלִילִ֥ים,אֱלִיל,H0457,20.0
300043,Habaquq,2,18,אִלְּמִֽים׃ ס,אִלֵּם,H0483,6.0
300044,Habaquq,2,19,ה֣וֹי,הוֹי,H1945,51.0
300045,Habaquq,2,19,אֹמֵ֤ר,אָמַר,H0559,5309.0
300046,Habaquq,2,19,לָעֵץ֙,עֵץ,H6086,330.0
300047,Habaquq,2,19,הָקִ֔יצָה,קִיץ,H6974,22.0
300048,Habaquq,2,19,ע֖וּרִי,עוּר,H5782,80.0
300049,Habaquq,2,19,לְאֶ֣בֶן,אֶ֫בֶן,H0068,273.0
300050,Habaquq,2,19,דּוּמָ֑ם,דּוּמָם,H1748,3.0
300051,Habaquq,2,19,ה֣וּא,הוּא,H1931,1878.0
300052,Habaquq,2,19,יוֹרֶ֔ה,יָרָה,H3384,80.0
300053,Habaquq,2,19,הִנֵּה־,הִנֵּה,H2009,843.0
300054,Habaquq,2,19,ה֗וּא,הוּא,H1931,1878.0
300055,Habaquq,2,19,תָּפוּשׂ֙,תָּפַשׂ,H8610,65.0
300056,Habaquq,2,19,זָהָ֣ב,זָהָב,H2091,389.0
300057,Habaquq,2,19,וָכֶ֔סֶף,כֶּ֫סֶף,H3701,403.0
300058,Habaquq,2,19,וְכָל־,כֹּל,H3605,5415.0
300059,Habaquq,2,19,ר֖וּחַ,רוּחַ,H7307,378.0
300060,Habaquq,2,19,אֵ֥ין,אַ֫יִן,H0369,789.0
300061,Habaquq,2,19,בְּקִרְבּֽוֹ׃,קֶ֫רֶב,H7130,227.0
300062,Habaquq,2,20,וַֽיהוָ֖ה,יהוה,H3068,6528.0
300063,Habaquq,2,20,בְּהֵיכַ֣ל,הֵיכָל,H1964,80.0
300064,Habaquq,2,20,קָדְשׁ֑וֹ,קֹ֫דֶשׁ,H6944,469.0
300065,Habaquq,2,20,הַ֥ס,הַס,H2013,8.0
300066,Habaquq,2,20,מִפָּנָ֖יו,פָּנֶה,H6440,2127.0
300067,Habaquq,2,20,כָּל־,כֹּל,H3605,5415.0
300068,Habaquq,2,20,הָאָֽרֶץ׃ פ,אֶ֫רֶץ,H0776,2504.0
300069,Habaquq,3,1,תְּפִלָּ֖ה,תְּפִלָּה,H8605,77.0
300070,Habaquq,3,1,לַחֲבַקּ֣וּק,חֲבַקּוּק,H2265,2.0
300071,Habaquq,3,1,הַנָּבִ֑יא,נָבִיא,H5030,315.0
300072,Habaquq,3,1,עַ֖ל,עַל,H5921,5774.0
300073,Habaquq,3,1,שִׁגְיֹנֽוֹת׃,שִׁגָּיוֹן,H7692,2.0
300074,Habaquq,3,2,יְהוָ֗ה,יהוה,H3068,6528.0
300075,Habaquq,3,2,שָׁמַ֣עְתִּי,שָׁמַע,H8085,1160.0
300076,Habaquq,3,2,שִׁמְעֲךָ֮,שֵׁ֫מַע,H8088,18.0
300077,Habaquq,3,2,יָרֵאתִי֒,יָרֵא,H3372,314.0
300078,Habaquq,3,2,יְהוָ֗ה,יהוה,H3068,6528.0
300079,Habaquq,3,2,פָּֽעָלְךָ֙,פֹּ֫עַל,H6467,37.0
300080,Habaquq,3,2,בְּקֶ֤רֶב,קֶ֫רֶב,H7130,227.0
300081,Habaquq,3,2,שָׁנִים֙,שָׁנָה,H8141,877.0
300082,Habaquq,3,2,חַיֵּ֔יהוּ,חָיָה,H2421,282.0
300083,Habaquq,3,2,בְּקֶ֥רֶב,קֶ֫רֶב,H7130,227.0
300084,Habaquq,3,2,שָׁנִ֖ים,שָׁנָה,H8141,877.0
300085,Habaquq,3,2,תּוֹדִ֑יעַ,יָדַע,H3045,946.0
300086,Habaquq,3,2,בְּרֹ֖גֶז,רֹ֫גֶז,H7267,7.0
300087,Habaquq,3,2,רַחֵ֥ם,רָחַם,H7355,47.0
300088,Habaquq,3,2,תִּזְכּֽוֹר׃,זָכַר,H2142,232.0
300089,Habaquq,3,3,אֱל֙וֹהַ֙,אֱלֹהַּ,H0433,57.0
300090,Habaquq,3,3,מִתֵּימָ֣ן,תֵּימָן,H8487,11.0
300091,Habaquq,3,3,יָב֔וֹא,בּוֹא,H0935,2572.0
300092,Habaquq,3,3,וְקָד֥וֹשׁ,קָדוֹשׁ,H6918,116.0
300093,Habaquq,3,3,מֵֽהַר־,הַר,H2022,546.0
300094,Habaquq,3,3,פָּארָ֖ן,פָּארָן,H6290,11.0
300095,Habaquq,3,3,סֶ֑לָה,סֶ֫לָה,H5542,74.0
300096,Habaquq,3,3,כִּסָּ֤ה,כָּסָה,H3680,152.0
300097,Habaquq,3,3,שָׁמַ֙יִם֙,שָׁמַיִם,H8064,421.0
300098,Habaquq,3,3,הוֹד֔וֹ,הוֹד,H1935,24.0
300099,Habaquq,3,3,וּתְהִלָּת֖וֹ,תְּהִלָּה,H8416,57.0
300100,Habaquq,3,3,מָלְאָ֥ה,מָלֵא,H4390,247.0
300101,Habaquq,3,3,הָאָֽרֶץ׃,אֶ֫רֶץ,H0776,2504.0
300102,Habaquq,3,4,וְנֹ֙גַהּ֙,נֹ֫גַהּ,H5051,19.0
300103,Habaquq,3,4,כָּא֣וֹר,אוֹר,H0216,121.0
300104,Habaquq,3,4,תִּֽהְיֶ֔ה,הָיָה,H1961,3562.0
300105,Habaquq,3,4,קַרְנַ֥יִם,קֶ֫רֶן,H7161,76.0
300106,Habaquq,3,4,מִיָּד֖וֹ,יָד,H3027,1619.0
300107,Habaquq,3,4,ל֑וֹ,,H9033,1549.0
300108,Habaquq,3,4,וְשָׁ֖ם,שָׁם,H8033,834.0
300109,Habaquq,3,4,חֶבְי֥וֹן,חֶבְיוֹן,H2253,1.0
300110,Habaquq,3,4,עֻזּֽוֹ׃,עֹז,H5797,92.0
300111,Habaquq,3,5,לְפָנָ֖יו,פָּנֶה,H6440,2127.0
300112,Habaquq,3,5,יֵ֣לֶךְ,הָלַךְ,H1980,1549.0
300113,Habaquq,3,5,דָּ֑בֶר,דֶּ֫בֶר,H1698,49.0
300114,Habaquq,3,5,וְיֵצֵ֥א,יָצָא,H3318,1067.0
300115,Habaquq,3,5,רֶ֖שֶׁף,רֶ֫שֶׁף,H7565,7.0
300116,Habaquq,3,5,לְרַגְלָֽיו׃,רֶ֫גֶל,H7272,245.0
300117,Habaquq,3,6,עָמַ֣ד׀,עָמַד,H5975,521.0
300118,Habaquq,3,6,וַיְמֹ֣דֶד,מוד,H4128,1.0
300119,Habaquq,3,6,אֶ֗רֶץ,אֶ֫רֶץ,H0776,2504.0
300120,Habaquq,3,6,רָאָה֙,רָאָה,H7200,1300.0
300121,Habaquq,3,6,וַיַּתֵּ֣ר,נָתַר,H5425,8.0
300122,Habaquq,3,6,גּוֹיִ֔ם,גּוֹי,H1471,561.0
300123,Habaquq,3,6,וַיִּתְפֹּֽצְצוּ֙,פּוּץ,H6327,67.0
300124,Habaquq,3,6,הַרְרֵי־,הָרָר,H2042,12.0
300125,Habaquq,3,6,עַ֔ד,עַד,H5703,48.0
300126,Habaquq,3,6,שַׁח֖וּ,שָׁחַח,H7817,21.0
300127,Habaquq,3,6,גִּבְע֣וֹת,גִּבְעָה,H1389,68.0
300128,Habaquq,3,6,עוֹלָ֑ם,עוֹלָם,H5769,438.0
300129,Habaquq,3,6,הֲלִיכ֥וֹת,הֲלִיכָה,H1979,6.0
300130,Habaquq,3,6,עוֹלָ֖ם,עוֹלָם,H5769,438.0
300131,Habaquq,3,6,לֽוֹ׃,,H9033,1549.0
300132,Habaquq,3,7,תַּ֣חַת,תַּחַת,H8478,505.0
300133,Habaquq,3,7,אָ֔וֶן,אָ֫וֶן,H0205,77.0
300134,Habaquq,3,7,רָאִ֖יתִי,רָאָה,H7200,1300.0
300135,Habaquq,3,7,אָהֳלֵ֣י,אֹ֫הֶל,H0168,345.0
300136,Habaquq,3,7,כוּשָׁ֑ן,כּוּשָׁן,H3572,1.0
300137,Habaquq,3,7,יִרְגְּז֕וּן,רָגַז,H7264,41.0
300138,Habaquq,3,7,יְרִיע֖וֹת,יְרִיעָה,H3407,54.0
300139,Habaquq,3,7,אֶ֥רֶץ,אֶ֫רֶץ,H0776,2504.0
300140,Habaquq,3,7,מִדְיָֽן׃ ס,מִדְיָן,H4080,59.0
300141,Habaquq,3,8,הֲבִנְהָרִים֙,נָהָר,H5104,119.0
300142,Habaquq,3,8,חָרָ֣ה,חָרָה,H2734,91.0
300143,Habaquq,3,8,יְהוָ֔ה,יהוה,H3068,6528.0
300144,Habaquq,3,8,אִ֤ם,אִם,H0518,1070.0
300145,Habaquq,3,8,בַּנְּהָרִים֙,נָהָר,H5104,119.0
300146,Habaquq,3,8,אַפֶּ֔ךָ,אַף,H0639,276.0
300147,Habaquq,3,8,אִם־,אִם,H0518,1070.0
300148,Habaquq,3,8,בַּיָּ֖ם,יָם,H3220,396.0
300149,Habaquq,3,8,עֶבְרָתֶ֑ךָ,עֶבְרָה,H5678,34.0
300150,Habaquq,3,8,כִּ֤י,כִּי,H3588,4483.0
300151,Habaquq,3,8,תִרְכַּב֙,רָכַב,H7392,78.0
300152,Habaquq,3,8,עַל־,עַל,H5921,5774.0
300153,Habaquq,3,8,סוּסֶ֔יךָ,סוּס,H5483,140.0
300154,Habaquq,3,8,מַרְכְּבֹתֶ֖יךָ,מֶרְכָּבָה,H4818,44.0
300155,Habaquq,3,8,יְשׁוּעָֽה׃,יְשׁוּעָה,H3444,78.0
300156,Habaquq,3,9,עֶרְיָ֤ה,עֶרְיָה,H6181,6.0
300157,Habaquq,3,9,תֵעוֹר֙,עוּר,H5783,1.0
300158,Habaquq,3,9,קַשְׁתֶּ֔ךָ,קֶ֫שֶׁת,H7198,76.0
300159,Habaquq,3,9,שְׁבֻע֥וֹת,שְׁבוּעָה,H7621,30.0
300160,Habaquq,3,9,מַטּ֖וֹת,מַטֶּה,H4294,252.0
300161,Habaquq,3,9,אֹ֣מֶר,אֹמֶר,H0562,6.0
300162,Habaquq,3,9,סֶ֑לָה,סֶ֫לָה,H5542,74.0
300163,Habaquq,3,9,נְהָר֖וֹת,נָהָר,H5104,119.0
300164,Habaquq,3,9,תְּבַקַּע־,בָּקַע,H1234,51.0
300165,Habaquq,3,9,אָֽרֶץ׃,אֶ֫רֶץ,H0776,2504.0
300166,Habaquq,3,10,רָא֤וּךָ,רָאָה,H7200,1300.0
300167,Habaquq,3,10,יָחִ֙ילוּ֙,חוּל,H2342,58.0
300168,Habaquq,3,10,הָרִ֔ים,הַר,H2022,546.0
300169,Habaquq,3,10,זֶ֥רֶם,זֶ֫רֶם,H2230,9.0
300170,Habaquq,3,10,מַ֖יִם,מַי,H4325,581.0
300171,Habaquq,3,10,עָבָ֑ר,עָבַר,H5674,556.0
300172,Habaquq,3,10,נָתַ֤ן,נָתַן,H5414,2011.0
300173,Habaquq,3,10,תְּהוֹם֙,תְּהוֹם,H8415,36.0
300174,Habaquq,3,10,קוֹל֔וֹ,קוֹל,H6963,506.0
300175,Habaquq,3,10,ר֖וֹם,רוֹם,H7315,1.0
300176,Habaquq,3,10,יָדֵ֥יהוּ,יָד,H3027,1619.0
300177,Habaquq,3,10,נָשָֽׂא׃,נָשָׂא,H5375,656.0
300178,Habaquq,3,11,שֶׁ֥מֶשׁ,שֶׁ֫מֶשׁ,H8121,134.0
300179,Habaquq,3,11,יָרֵ֖חַ,יָרֵחַ,H3394,27.0
300180,Habaquq,3,11,עָ֣מַד,עָמַד,H5975,521.0
300181,Habaquq,3,11,זְבֻ֑לָה,זְבֻל,H2073,5.0
300182,Habaquq,3,11,לְא֤וֹר,אוֹר,H0216,121.0
300183,Habaquq,3,11,חִצֶּ֙יךָ֙,חֵץ,H2671,53.0
300184,Habaquq,3,11,יְהַלֵּ֔כוּ,הָלַךְ,H1980,1549.0
300185,Habaquq,3,11,לְנֹ֖גַהּ,נֹ֫גַהּ,H5051,19.0
300186,Habaquq,3,11,בְּרַ֥ק,בָּרָק,H1300,21.0
300187,Habaquq,3,11,חֲנִיתֶֽךָ׃,חֲנִית,H2595,47.0
300188,Habaquq,3,12,בְּזַ֖עַם,זַ֫עַם,H2195,22.0
300189,Habaquq,3,12,תִּצְעַד־,צָעַד,H6805,8.0
300190,Habaquq,3,12,אָ֑רֶץ,אֶ֫רֶץ,H0776,2504.0
300191,Habaquq,3,12,בְּאַ֖ף,אַף,H0639,276.0
300192,Habaquq,3,12,תָּד֥וּשׁ,דּוּשׁ,H1758,16.0
300193,Habaquq,3,12,גּוֹיִֽם׃,גּוֹי,H1471,561.0
300194,Habaquq,3,13,יָצָ֙אתָ֙,יָצָא,H3318,1067.0
300195,Habaquq,3,13,לְיֵ֣שַׁע,יֵ֫שַׁע,H3468,36.0
300196,Habaquq,3,13,עַמֶּ֔ךָ,עַם,H5971,1872.0
300197,Habaquq,3,13,לְיֵ֖שַׁע,יֵ֫שַׁע,H3468,36.0
300198,Habaquq,3,13,אֶת־,אֵת,H0853,10946.0
300199,Habaquq,3,13,מְשִׁיחֶ֑ךָ,מָשִׁיחַ,H4899,39.0
300200,Habaquq,3,13,מָחַ֤צְתָּ,מָחַץ,H4272,14.0
300201,Habaquq,3,13,רֹּאשׁ֙,רֹאשׁ,H7218,600.0
300202,Habaquq,3,13,מִבֵּ֣ית,בַּ֫יִת,H1004,2049.0
300203,Habaquq,3,13,רָשָׁ֔ע,רָשָׁע,H7563,263.0
300204,Habaquq,3,13,עָר֛וֹת,עָרָה,H6168,15.0
300205,Habaquq,3,13,יְס֥וֹד,יְסוֹד,H3247,19.0
300206,Habaquq,3,13,עַד־,עַד,H5704,1261.0
300207,Habaquq,3,13,צַוָּ֖אר,צַוָּאר,H6677,42.0
300208,Habaquq,3,13,סֶֽלָה׃ פ,סֶ֫לָה,H5542,74.0
300209,Habaquq,3,14,נָקַ֤בְתָּ,נָקַב,H5344,19.0
300210,Habaquq,3,14,בְמַטָּיו֙,מַטֶּה,H4294,252.0
300211,Habaquq,3,14,רֹ֣אשׁ,רֹאשׁ,H7218,600.0
300212,Habaquq,3,14,פְּרָזָ֔יו,פֶּ֫רֶז,H6518,1.0
300213,Habaquq,3,14,יִסְעֲר֖וּ,סָעַר,H5590,7.0
300214,Habaquq,3,14,לַהֲפִיצֵ֑נִי,פּוּץ,H6327,67.0
300215,Habaquq,3,14,עֲלִ֣יצֻתָ֔ם,עֲלִיצוּת,H5951,1.0
300216,Habaquq,3,14,כְּמוֹ־,כְּמוֹ,H3644,143.0
300217,Habaquq,3,14,לֶאֱכֹ֥ל,אָכַל,H0398,810.0
300218,Habaquq,3,14,עָנִ֖י,עָנִי,H6041,74.0
300219,Habaquq,3,14,בַּמִּסְתָּֽר׃,מִסְתָּר,H4565,10.0
300220,Habaquq,3,15,דָּרַ֥כְתָּ,דָּרַךְ,H1869,62.0
300221,Habaquq,3,15,בַיָּ֖ם,יָם,H3220,396.0
300222,Habaquq,3,15,סוּסֶ֑יךָ,סוּס,H5483,140.0
300223,Habaquq,3,15,חֹ֖מֶר,חֹ֫מֶר,H2563,31.0
300224,Habaquq,3,15,מַ֥יִם,מַי,H4325,581.0
300225,Habaquq,3,15,רַבִּֽים׃,רַב,H7227,454.0
300226,Habaquq,3,16,שָׁמַ֣עְתִּי׀,שָׁמַע,H8085,1160.0
300227,Habaquq,3,16,וַתִּרְגַּ֣ז,רָגַז,H7264,41.0
300228,Habaquq,3,16,בִּטְנִ֗י,בֶּ֫טֶן,H0990,72.0
300229,Habaquq,3,16,לְקוֹל֙,קוֹל,H6963,506.0
300230,Habaquq,3,16,צָלֲל֣וּ,צָלַל,H6750,4.0
300231,Habaquq,3,16,שְׂפָתַ֔י,שָׂפָה,H8193,176.0
300232,Habaquq,3,16,יָב֥וֹא,בּוֹא,H0935,2572.0
300233,Habaquq,3,16,רָקָ֛ב,רָקָב,H7538,5.0
300234,Habaquq,3,16,בַּעֲצָמַ֖י,עֶ֫צֶם,H6106,126.0
300235,Habaquq,3,16,וְתַחְתַּ֣י,תַּחַת,H8478,505.0
300236,Habaquq,3,16,אֶרְגָּ֑ז,רָגַז,H7264,41.0
300237,Habaquq,3,16,אֲשֶׁ֤ר,אֲשֶׁר,H0834,5499.0
300238,Habaquq,3,16,אָנ֙וּחַ֙,נוּחַ,H5117,142.0
300239,Habaquq,3,16,לְי֣וֹם,יוֹם,H3117,2306.0
300240,Habaquq,3,16,צָרָ֔ה,צָרָה,H6869,73.0
300241,Habaquq,3,16,לַעֲל֖וֹת,עָלָה,H5927,890.0
300242,Habaquq,3,16,לְעַ֥ם,עַם,H5971,1872.0
300243,Habaquq,3,16,יְגוּדֶֽנּוּ׃,גּוּד,H1464,3.0
300244,Habaquq,3,17,כִּֽי־,כִּי,H3588,4483.0
300245,Habaquq,3,17,תְאֵנָ֣ה,תְּאֵנָה,H8384,39.0
300246,Habaquq,3,17,לֹֽא־,לֹא,H3808,5170.0
300247,Habaquq,3,17,תִפְרָ֗ח,פָּרַח,H6524,36.0
300248,Habaquq,3,17,וְאֵ֤ין,אַ֫יִן,H0369,789.0
300249,Habaquq,3,17,יְבוּל֙,יְבוּל,H2981,13.0
300250,Habaquq,3,17,בַּגְּפָנִ֔ים,גֶּ֫פֶן,H1612,55.0
300251,Habaquq,3,17,כִּחֵשׁ֙,כָּחַשׁ,H3584,22.0
300252,Habaquq,3,17,מַעֲשֵׂה־,מַעֲשֶׂה,H4639,236.0
300253,Habaquq,3,17,זַ֔יִת,זַ֫יִת,H2132,38.0
300254,Habaquq,3,17,וּשְׁדֵמ֖וֹת,שְׁדֵמָה,H7709,6.0
300255,Habaquq,3,17,לֹא־,לֹא,H3808,5170.0
300256,Habaquq,3,17,עָ֣שָׂה,עָשָׂה,H6213,2629.0
300257,Habaquq,3,17,אֹ֑כֶל,אֹ֫כֶל,H0400,43.0
300258,Habaquq,3,17,גָּזַ֤ר,גָּזַר,H1504,13.0
300259,Habaquq,3,17,מִמִּכְלָה֙,מִכְלָה,H4356,3.0
300260,Habaquq,3,17,צֹ֔אן,צֹאן,H6629,274.0
300261,Habaquq,3,17,וְאֵ֥ין,אַ֫יִן,H0369,789.0
300262,Habaquq,3,17,בָּקָ֖ר,בָּקָר,H1241,183.0
300263,Habaquq,3,17,בָּרְפָתִֽים׃,רֶ֫פֶת,H7517,1.0
300264,Habaquq,3,18,וַאֲנִ֖י,,H0589,874.0
300265,Habaquq,3,18,בַּיהוָ֣ה,יהוה,H3068,6528.0
300266,Habaquq,3,18,אֶעְל֑וֹזָה,עָלַז,H5937,16.0
300267,Habaquq,3,18,אָגִ֖ילָה,גִּיל,H1523,45.0
300268,Habaquq,3,18,בֵּאלֹהֵ֥י,אֱלֹהִים,H0430,2603.0
300269,Habaquq,3,18,יִשְׁעִֽי׃,יֵ֫שַׁע,H3468,36.0
300270,Habaquq,3,19,יְהוִ֤הּ,יְהֹוִה,H3069,306.0
300271,Habaquq,3,19,אֲדֹנָי֙,אֲדֹנָי,H0136,440.0
300272,Habaquq,3,19,חֵילִ֔י,חַ֫יִל,H2428,246.0
300273,Habaquq,3,19,וַיָּ֤שֶׂם,שׂוּם,H7760,585.0
300274,Habaquq,3,19,רַגְלַי֙,רֶ֫גֶל,H7272,245.0
300275,Habaquq,3,19,כָּֽאַיָּל֔וֹת,אַיָּלָה,H0355,11.0
300276,Habaquq,3,19,וְעַ֥ל,עַל,H5921,5774.0
300277,Habaquq,3,19,בָּמוֹתַ֖י,בָּמָה,H1116,102.0
300278,Habaquq,3,19,יַדְרִכֵ֑נִי,דָּרַךְ,H1869,62.0
300279,Habaquq,3,19,לַמְנַצֵּ֖חַ,נָצַח,H5329,65.0
300280,Habaquq,3,19,בִּנְגִינוֹתָֽי׃,נְגִינָה,H5058,14.0
