Unnamed: 0,book,chapter,verse,orig,lex,strong,freq
294283,Sophonie,1,1,דְּבַר־,דָּבָר,H1697,1442
294284,Sophonie,1,1,יְהוָ֣ה׀,יהוה,H3068,6528
294285,Sophonie,1,1,אֲשֶׁ֣ר,אֲשֶׁר,H0834,5499
294286,Sophonie,1,1,הָיָ֗ה,הָיָה,H1961,3562
294287,Sophonie,1,1,אֶל־,אֶל,H0413,5515
294288,Sophonie,1,1,צְפַנְיָה֙,צְפַנְיָהוּ,H6846,10
294289,Sophonie,1,1,בֶּן־,בֵּן,H1121,4959
294290,Sophonie,1,1,כּוּשִׁ֣י,כּוּשִׁי,H3569,26
294291,Sophonie,1,1,בֶן־,בֵּן,H1121,4959
294292,Sophonie,1,1,גְּדַלְיָ֔ה,גְּדַלְיָה,H1436,32
294293,Sophonie,1,1,בֶּן־,בֵּן,H1121,4959
294294,Sophonie,1,1,אֲמַרְיָ֖ה,אֲמַרְיָ֫הוּ,H0568,16
294295,Sophonie,1,1,בֶּן־,בֵּן,H1121,4959
294296,Sophonie,1,1,חִזְקִיָּ֑ה,חִזְקִיָּהוּ,H2396,127
294297,Sophonie,1,1,בִּימֵ֛י,יוֹם,H3117,2306
294298,Sophonie,1,1,יֹאשִׁיָּ֥הוּ,יֹאשִׁיָּ֫הוּ,H2977,53
294299,Sophonie,1,1,בֶן־,בֵּן,H1121,4959
294300,Sophonie,1,1,אָמ֖וֹן,אָמוֹן,H0526,17
294301,Sophonie,1,1,מֶ֥לֶךְ,מֶ֫לֶךְ,H4428,2526
294302,Sophonie,1,1,יְהוּדָֽה׃,יְהוּדָה,H3063,820
294303,Sophonie,1,2,אָסֹ֨ף,אָסַף,H0622,200
294304,Sophonie,1,2,אָסֵ֜ף,סוּף,H5486,7
294305,Sophonie,1,2,כֹּ֗ל,כֹּל,H3605,5415
294306,Sophonie,1,2,מֵעַ֛ל,עַל,H5921,5774
294307,Sophonie,1,2,פְּנֵ֥י,פָּנֶה,H6440,2127
294308,Sophonie,1,2,הָאֲדָמָ֖ה,אֲדָמָה,H0127,225
294309,Sophonie,1,2,נְאֻם־,נְאֻם,H5002,376
294310,Sophonie,1,2,יְהוָֽה׃,יהוה,H3068,6528
294311,Sophonie,1,3,אָסֵ֨ף,סוּף,H5486,7
294312,Sophonie,1,3,אָדָ֜ם,אָדָם,H0120,551
294313,Sophonie,1,3,וּבְהֵמָ֗ה,בְּהֵמָה,H0929,190
294314,Sophonie,1,3,אָסֵ֤ף,סוּף,H5486,7
294315,Sophonie,1,3,עוֹף־,עוֹף,H5775,71
294316,Sophonie,1,3,הַשָּׁמַ֙יִם֙,שָׁמַיִם,H8064,421
294317,Sophonie,1,3,וּדְגֵ֣י,דָּג,H1709,19
294318,Sophonie,1,3,הַיָּ֔ם,יָם,H3220,396
294319,Sophonie,1,3,וְהַמַּכְשֵׁל֖וֹת,מַכְשֵׁלָה,H4384,2
294320,Sophonie,1,3,אֶת־,אֵת,H0854,929
294321,Sophonie,1,3,הָרְשָׁעִ֑ים,רָשָׁע,H7563,263
294322,Sophonie,1,3,וְהִכְרַתִּ֣י,כָּרַת,H3772,288
294323,Sophonie,1,3,אֶת־,אֵת,H0853,10947
294324,Sophonie,1,3,הָאָדָ֗ם,אָדָם,H0120,551
294325,Sophonie,1,3,מֵעַ֛ל,עַל,H5921,5774
294326,Sophonie,1,3,פְּנֵ֥י,פָּנֶה,H6440,2127
294327,Sophonie,1,3,הָאֲדָמָ֖ה,אֲדָמָה,H0127,225
294328,Sophonie,1,3,נְאֻם־,נְאֻם,H5002,376
294329,Sophonie,1,3,יְהוָֽה׃,יהוה,H3068,6528
294330,Sophonie,1,4,וְנָטִ֤יתִי,נָטָה,H5186,214
294331,Sophonie,1,4,יָדִי֙,יָד,H3027,1619
294332,Sophonie,1,4,עַל־,עַל,H5921,5774
294333,Sophonie,1,4,יְהוּדָ֔ה,יְהוּדָה,H3063,820
294334,Sophonie,1,4,וְעַ֖ל,עַל,H5921,5774
294335,Sophonie,1,4,כָּל־,כֹּל,H3605,5415
294336,Sophonie,1,4,יוֹשְׁבֵ֣י,יָשַׁב,H3427,1078
294337,Sophonie,1,4,יְרוּשָׁלִָ֑ם,"יְרוּשָׁלִַ֫ם, יְרוּשְׁלֵם",H3389,643
294338,Sophonie,1,4,וְהִכְרַתִּ֞י,כָּרַת,H3772,288
294339,Sophonie,1,4,מִן־,מִן־,H4480,1190
294340,Sophonie,1,4,הַמָּק֤וֹם,מָקוֹם,H4725,401
294341,Sophonie,1,4,הַזֶּה֙,זֶה,H2088,1179
294342,Sophonie,1,4,אֶת־,אֵת,H0853,10947
294343,Sophonie,1,4,שְׁאָ֣ר,שְׁאָר,H7605,26
294344,Sophonie,1,4,הַבַּ֔עַל,בַּעַל,H1168,82
294345,Sophonie,1,4,אֶת־,אֵת,H0853,10947
294346,Sophonie,1,4,שֵׁ֥ם,שֵׁם,H8034,864
294347,Sophonie,1,4,הַכְּמָרִ֖ים,כֹּ֫מֶר,H3649,3
294348,Sophonie,1,4,עִם־,עִם,H5973,1052
294349,Sophonie,1,4,הַכֹּהֲנִֽים׃,כֹּהֵן,H3548,750
294350,Sophonie,1,5,וְאֶת־,אֵת,H0853,10947
294351,Sophonie,1,5,הַמִּשְׁתַּחֲוִ֥ים,שָׁחָה,H7812,172
294352,Sophonie,1,5,עַל־,עַל,H5921,5774
294353,Sophonie,1,5,הַגַּגּ֖וֹת,גָּג,H1406,30
294354,Sophonie,1,5,לִצְבָ֣א,צָבָא,H6635,484
294355,Sophonie,1,5,הַשָּׁמָ֑יִם,שָׁמַיִם,H8064,421
294356,Sophonie,1,5,וְאֶת־,אֵת,H0853,10947
294357,Sophonie,1,5,הַמִּֽשְׁתַּחֲוִים֙,שָׁחָה,H7812,172
294358,Sophonie,1,5,הַנִּשְׁבָּעִ֣ים,שָׁבַע,H7650,186
294359,Sophonie,1,5,לַֽיהוָ֔ה,יהוה,H3068,6528
294360,Sophonie,1,5,וְהַנִּשְׁבָּעִ֖ים,שָׁבַע,H7650,186
294361,Sophonie,1,5,בְּמַלְכָּֽם׃,מֶ֫לֶךְ,H4428,2526
294362,Sophonie,1,6,וְאֶת־,אֵת,H0853,10947
294363,Sophonie,1,6,הַנְּסוֹגִ֖ים,סוּג,H5472,14
294364,Sophonie,1,6,מֵאַחֲרֵ֣י,אַחַר,H0310,716
294365,Sophonie,1,6,יְהוָ֑ה,יהוה,H3068,6528
294366,Sophonie,1,6,וַאֲשֶׁ֛ר,אֲשֶׁר,H0834,5499
294367,Sophonie,1,6,לֹֽא־,לֹא,H3808,5170
294368,Sophonie,1,6,בִקְשׁ֥וּ,בָּקַשׁ,H1245,225
294369,Sophonie,1,6,אֶת־,אֵת,H0853,10947
294370,Sophonie,1,6,יְהוָ֖ה,יהוה,H3068,6528
294371,Sophonie,1,6,וְלֹ֥א,לֹא,H3808,5170
294372,Sophonie,1,6,דְרָשֻֽׁהוּ׃,דָּרַשׁ,H1875,164
294373,Sophonie,1,7,הַ֕ס,הַס,H2013,8
294374,Sophonie,1,7,מִפְּנֵ֖י,פָּנֶה,H6440,2127
294375,Sophonie,1,7,אֲדֹנָ֣י,אֲדֹנָי,H0136,440
294376,Sophonie,1,7,יְהוִ֑ה,יְהֹוִה,H3069,306
294377,Sophonie,1,7,כִּ֤י,כִּי,H3588,4485
294378,Sophonie,1,7,קָרוֹב֙,קָרֹב,H7138,77
294379,Sophonie,1,7,י֣וֹם,יוֹם,H3117,2306
294380,Sophonie,1,7,יְהוָ֔ה,יהוה,H3068,6528
294381,Sophonie,1,7,כִּֽי־,כִּי,H3588,4485
294382,Sophonie,1,7,הֵכִ֧ין,כּוּן,H3559,217
294383,Sophonie,1,7,יְהוָ֛ה,יהוה,H3068,6528
294384,Sophonie,1,7,זֶ֖בַח,זֶ֫בַח,H2077,162
294385,Sophonie,1,7,הִקְדִּ֥ישׁ,קָדַשׁ,H6942,171
294386,Sophonie,1,7,קְרֻאָֽיו׃,קָרָא,H7121,733
294387,Sophonie,1,8,וְהָיָ֗ה,הָיָה,H1961,3562
294388,Sophonie,1,8,בְּיוֹם֙,יוֹם,H3117,2306
294389,Sophonie,1,8,זֶ֣בַח,זֶ֫בַח,H2077,162
294390,Sophonie,1,8,יְהוָ֔ה,יהוה,H3068,6528
294391,Sophonie,1,8,וּפָקַדְתִּ֥י,פָּקַד,H6485,303
294392,Sophonie,1,8,עַל־,עַל,H5921,5774
294393,Sophonie,1,8,הַשָּׂרִ֖ים,שַׂר,H8269,421
294394,Sophonie,1,8,וְעַל־,עַל,H5921,5774
294395,Sophonie,1,8,בְּנֵ֣י,בֵּן,H1121,4959
294396,Sophonie,1,8,הַמֶּ֑לֶךְ,מֶ֫לֶךְ,H4428,2526
294397,Sophonie,1,8,וְעַ֥ל,עַל,H5921,5774
294398,Sophonie,1,8,כָּל־,כֹּל,H3605,5415
294399,Sophonie,1,8,הַלֹּבְשִׁ֖ים,לָבֵשׁ,H3847,110
294400,Sophonie,1,8,מַלְבּ֥וּשׁ,מַלְבּוּשׁ,H4403,8
294401,Sophonie,1,8,נָכְרִֽי׃,נׇכְרִי,H5237,45
294402,Sophonie,1,9,וּפָקַדְתִּ֗י,פָּקַד,H6485,303
294403,Sophonie,1,9,עַ֧ל,עַל,H5921,5774
294404,Sophonie,1,9,כָּל־,כֹּל,H3605,5415
294405,Sophonie,1,9,הַדּוֹלֵ֛ג,דָּלַג,H1801,5
294406,Sophonie,1,9,עַל־,עַל,H5921,5774
294407,Sophonie,1,9,הַמִּפְתָּ֖ן,מִפְתָּן,H4670,8
294408,Sophonie,1,9,בַּיּ֣וֹם,יוֹם,H3117,2306
294409,Sophonie,1,9,הַה֑וּא,הוּא,H1931,1878
294410,Sophonie,1,9,הַֽמְמַלְאִ֛ים,מָלֵא,H4390,247
294411,Sophonie,1,9,בֵּ֥ית,בַּ֫יִת,H1004,2049
294412,Sophonie,1,9,אֲדֹנֵיהֶ֖ם,אָדוֹן,H0113,333
294413,Sophonie,1,9,חָמָ֥ס,חָמָס,H2555,60
294414,Sophonie,1,9,וּמִרְמָֽה׃ ס,מִרְמָה,H4820,39
294415,Sophonie,1,10,וְהָיָה֩,הָיָה,H1961,3562
294416,Sophonie,1,10,בַיּ֨וֹם,יוֹם,H3117,2306
294417,Sophonie,1,10,הַה֜וּא,הוּא,H1931,1878
294418,Sophonie,1,10,נְאֻם־,נְאֻם,H5002,376
294419,Sophonie,1,10,יְהוָ֗ה,יהוה,H3068,6528
294420,Sophonie,1,10,ק֤וֹל,קוֹל,H6963,506
294421,Sophonie,1,10,צְעָקָה֙,צְעָקָה,H6818,21
294422,Sophonie,1,10,מִשַּׁ֣עַר,שַׁ֫עַר,H8179,374
294423,Sophonie,1,10,הַדָּגִ֔ים,דָּג,H1709,19
294424,Sophonie,1,10,וִֽילָלָ֖ה,יְלָלָה,H3215,5
294425,Sophonie,1,10,מִן־,מִן־,H4480,1190
294426,Sophonie,1,10,הַמִּשְׁנֶ֑ה,מִשְׁנֶה,H4932,35
294427,Sophonie,1,10,וְשֶׁ֥בֶר,שֶׁ֫בֶר,H7667,45
294428,Sophonie,1,10,גָּד֖וֹל,גַּל,H1419,526
294429,Sophonie,1,10,מֵהַגְּבָעֽוֹת׃,גִּבְעָה,H1389,68
294430,Sophonie,1,11,הֵילִ֖ילוּ,יָלַל,H3213,30
294431,Sophonie,1,11,יֹשְׁבֵ֣י,יָשַׁב,H3427,1078
294432,Sophonie,1,11,הַמַּכְתֵּ֑שׁ,מַכְתֵּשׁ,H4389,1
294433,Sophonie,1,11,כִּ֤י,כִּי,H3588,4485
294434,Sophonie,1,11,נִדְמָה֙,דָּמָה,H1820,15
294435,Sophonie,1,11,כָּל־,כֹּל,H3605,5415
294436,Sophonie,1,11,עַ֣ם,עַם,H5971,1872
294437,Sophonie,1,11,כְּנַ֔עַן,כְּנַ֫עַן,H3667,94
294438,Sophonie,1,11,נִכְרְת֖וּ,כָּרַת,H3772,288
294439,Sophonie,1,11,כָּל־,כֹּל,H3605,5415
294440,Sophonie,1,11,נְטִ֥ילֵי,נָטִיל,H5187,1
294441,Sophonie,1,11,כָֽסֶף׃,כֶּ֫סֶף,H3701,403
294442,Sophonie,1,12,וְהָיָה֙,הָיָה,H1961,3562
294443,Sophonie,1,12,בָּעֵ֣ת,עֵת,H6256,296
294444,Sophonie,1,12,הַהִ֔יא,הוּא,H1931,1878
294445,Sophonie,1,12,אֲחַפֵּ֥שׂ,חָפַשׂ,H2664,23
294446,Sophonie,1,12,אֶת־,אֵת,H0853,10947
294447,Sophonie,1,12,יְרוּשָׁלִַ֖ם,"יְרוּשָׁלִַ֫ם, יְרוּשְׁלֵם",H3389,643
294448,Sophonie,1,12,בַּנֵּר֑וֹת,נֵר,H5216,49
294449,Sophonie,1,12,וּפָקַדְתִּ֣י,פָּקַד,H6485,303
294450,Sophonie,1,12,עַל־,עַל,H5921,5774
294451,Sophonie,1,12,הָאֲנָשִׁ֗ים,אֱנוֹשׁ,H0582,566
294452,Sophonie,1,12,הַקֹּֽפְאִים֙,קָפָא,H7087,4
294453,Sophonie,1,12,עַל־,עַל,H5921,5774
294454,Sophonie,1,12,שִׁמְרֵיהֶ֔ם,שֶׁ֫מֶר,H8105,5
294455,Sophonie,1,12,הָאֹֽמְרִים֙,אָמַר,H0559,5309
294456,Sophonie,1,12,בִּלְבָבָ֔ם,לֵבָב,H3824,252
294457,Sophonie,1,12,לֹֽא־,לֹא,H3808,5170
294458,Sophonie,1,12,יֵיטִ֥יב,יָטַב,H3190,117
294459,Sophonie,1,12,יְהוָ֖ה,יהוה,H3068,6528
294460,Sophonie,1,12,וְלֹ֥א,לֹא,H3808,5170
294461,Sophonie,1,12,יָרֵֽעַ׃,רָעַע,H7489,104
294462,Sophonie,1,13,וְהָיָ֤ה,הָיָה,H1961,3562
294463,Sophonie,1,13,חֵילָם֙,חַ֫יִל,H2428,246
294464,Sophonie,1,13,לִמְשִׁסָּ֔ה,מְשִׁסָּה,H4933,6
294465,Sophonie,1,13,וּבָתֵּיהֶ֖ם,בַּ֫יִת,H1004,2049
294466,Sophonie,1,13,לִשְׁמָמָ֑ה,שְׁמָמָה,H8077,57
294467,Sophonie,1,13,וּבָנ֤וּ,בָּנָה,H1129,376
294468,Sophonie,1,13,בָתִּים֙,בַּ֫יִת,H1004,2049
294469,Sophonie,1,13,וְלֹ֣א,לֹא,H3808,5170
294470,Sophonie,1,13,יֵשֵׁ֔בוּ,יָשַׁב,H3427,1078
294471,Sophonie,1,13,וְנָטְע֣וּ,נָטַע,H5193,58
294472,Sophonie,1,13,כְרָמִ֔ים,כֶּרֶם,H3754,92
294473,Sophonie,1,13,וְלֹ֥א,לֹא,H3808,5170
294474,Sophonie,1,13,יִשְׁתּ֖וּ,שָׁתָה,H8354,217
294475,Sophonie,1,13,אֶת־,אֵת,H0853,10947
294476,Sophonie,1,13,יֵינָֽם׃,יַ֫יִן,H3196,141
294477,Sophonie,1,14,קָר֤וֹב,קָרֹב,H7138,77
294478,Sophonie,1,14,יוֹם־,יוֹם,H3117,2306
294479,Sophonie,1,14,יְהוָה֙,יהוה,H3068,6528
294480,Sophonie,1,14,הַגָּד֔וֹל,גַּל,H1419,526
294481,Sophonie,1,14,קָר֖וֹב,קָרֹב,H7138,77
294482,Sophonie,1,14,וּמַהֵ֣ר,מַהֵר,H4118,14
294483,Sophonie,1,14,מְאֹ֑ד,מְאֹד,H3966,300
294484,Sophonie,1,14,ק֚וֹל,קוֹל,H6963,506
294485,Sophonie,1,14,י֣וֹם,יוֹם,H3117,2306
294486,Sophonie,1,14,יְהוָ֔ה,יהוה,H3068,6528
294487,Sophonie,1,14,מַ֥ר,מַר,H4751,39
294488,Sophonie,1,14,צֹרֵ֖חַ,צָרַח,H6873,2
294489,Sophonie,1,14,שָׁ֥ם,שָׁם,H8033,834
294490,Sophonie,1,14,גִּבּֽוֹר׃,גִּבּוֹר,H1368,159
294491,Sophonie,1,15,י֥וֹם,יוֹם,H3117,2306
294492,Sophonie,1,15,עֶבְרָ֖ה,עֶבְרָה,H5678,34
294493,Sophonie,1,15,הַיּ֣וֹם,יוֹם,H3117,2306
294494,Sophonie,1,15,הַה֑וּא,הוּא,H1931,1878
294495,Sophonie,1,15,י֧וֹם,יוֹם,H3117,2306
294496,Sophonie,1,15,צָרָ֣ה,צָרָה,H6869,73
294497,Sophonie,1,15,וּמְצוּקָ֗ה,מְצוּקָה,H4691,7
294498,Sophonie,1,15,י֤וֹם,יוֹם,H3117,2306
294499,Sophonie,1,15,שֹׁאָה֙,שׁוֹאָה,H7722,13
294500,Sophonie,1,15,וּמְשׁוֹאָ֔ה,מְשׁוֹאָה,H4875,3
294501,Sophonie,1,15,י֥וֹם,יוֹם,H3117,2306
294502,Sophonie,1,15,חֹ֙שֶׁךְ֙,חֹ֫שֶׁךְ,H2822,80
294503,Sophonie,1,15,וַאֲפֵלָ֔ה,אֲפֵלָה,H0653,10
294504,Sophonie,1,15,י֥וֹם,יוֹם,H3117,2306
294505,Sophonie,1,15,עָנָ֖ן,עָנָן,H6051,87
294506,Sophonie,1,15,וַעֲרָפֶֽל׃,עֲרָפֶל,H6205,15
294507,Sophonie,1,16,י֥וֹם,יוֹם,H3117,2306
294508,Sophonie,1,16,שׁוֹפָ֖ר,שֹׁפָר,H7782,72
294509,Sophonie,1,16,וּתְרוּעָ֑ה,תְּרוּעָה,H8643,36
294510,Sophonie,1,16,עַ֚ל,עַל,H5921,5774
294511,Sophonie,1,16,הֶעָרִ֣ים,עִיר,H5892,1089
294512,Sophonie,1,16,הַבְּצֻר֔וֹת,בָּצַר,H1219,37
294513,Sophonie,1,16,וְעַ֖ל,עַל,H5921,5774
294514,Sophonie,1,16,הַפִּנּ֥וֹת,פִּנָּה,H6438,29
294515,Sophonie,1,16,הַגְּבֹהֽוֹת׃,גָּבֹהַּ,H1364,41
294516,Sophonie,1,17,וַהֲצֵרֹ֣תִי,צָרַר,H6887,54
294517,Sophonie,1,17,לָאָדָ֗ם,אָדָם,H0120,551
294518,Sophonie,1,17,וְהָֽלְכוּ֙,הָלַךְ,H1980,1549
294519,Sophonie,1,17,כַּֽעִוְרִ֔ים,עִוֵּר,H5787,26
294520,Sophonie,1,17,כִּ֥י,כִּי,H3588,4485
294521,Sophonie,1,17,לַֽיהוָ֖ה,יהוה,H3068,6528
294522,Sophonie,1,17,חָטָ֑אוּ,חָטָא,H2398,238
294523,Sophonie,1,17,וְשֻׁפַּ֤ךְ,שָׁפַךְ,H8210,115
294524,Sophonie,1,17,דָּמָם֙,דָּם,H1818,360
294525,Sophonie,1,17,כֶּֽעָפָ֔ר,עָפָר,H6083,110
294526,Sophonie,1,17,וּלְחֻמָ֖ם,לְחוּם,H3894,2
294527,Sophonie,1,17,כַּגְּלָלִֽים׃,גָּלָל,H1557,2
294528,Sophonie,1,18,גַּם־,גַּם,H1571,769
294529,Sophonie,1,18,כַּסְפָּ֨ם,כֶּ֫סֶף,H3701,403
294530,Sophonie,1,18,גַּם־,גַּם,H1571,769
294531,Sophonie,1,18,זְהָבָ֜ם,זָהָב,H2091,389
294532,Sophonie,1,18,לֹֽא־,לֹא,H3808,5170
294533,Sophonie,1,18,יוּכַ֣ל,יָכֹל,H3201,194
294534,Sophonie,1,18,לְהַצִּילָ֗ם,נָצַל,H5337,213
294535,Sophonie,1,18,בְּיוֹם֙,יוֹם,H3117,2306
294536,Sophonie,1,18,עֶבְרַ֣ת,עֶבְרָה,H5678,34
294537,Sophonie,1,18,יְהוָ֔ה,יהוה,H3068,6528
294538,Sophonie,1,18,וּבְאֵשׁ֙,אֵשׁ,H0784,378
294539,Sophonie,1,18,קִנְאָת֔וֹ,קִנְאָה,H7068,43
294540,Sophonie,1,18,תֵּאָכֵ֖ל,אָכַל,H0398,810
294541,Sophonie,1,18,כָּל־,כֹּל,H3605,5415
294542,Sophonie,1,18,הָאָ֑רֶץ,אֶ֫רֶץ,H0776,2504
294543,Sophonie,1,18,כִּֽי־,כִּי,H3588,4485
294544,Sophonie,1,18,כָלָ֤ה,כָּלָה,H3617,21
294545,Sophonie,1,18,אַךְ־,אַךְ,H0389,161
294546,Sophonie,1,18,נִבְהָלָה֙,בָּהַל,H0926,39
294547,Sophonie,1,18,יַֽעֲשֶׂ֔ה,עָשָׂה,H6213,2629
294548,Sophonie,1,18,אֵ֥ת,אֵת,H0854,929
294549,Sophonie,1,18,כָּל־,כֹּל,H3605,5415
294550,Sophonie,1,18,יֹשְׁבֵ֖י,יָשַׁב,H3427,1078
294551,Sophonie,1,18,הָאָֽרֶץ׃ ס,אֶ֫רֶץ,H0776,2504
294552,Sophonie,2,1,הִֽתְקוֹשְׁשׁ֖וּ,קָשַׁשׁ,H7197,8
294553,Sophonie,2,1,וָק֑וֹשּׁוּ,קָשַׁשׁ,H7197,8
294554,Sophonie,2,1,הַגּ֖וֹי,גּוֹי,H1471,561
294555,Sophonie,2,1,לֹ֥א,לֹא,H3808,5170
294556,Sophonie,2,1,נִכְסָֽף׃,כָּסַף,H3700,6
294557,Sophonie,2,2,בְּטֶ֙רֶם֙,טֶ֫רֶם,H2962,56
294558,Sophonie,2,2,לֶ֣דֶת,יָלַד,H3205,496
294559,Sophonie,2,2,חֹ֔ק,חֹק,H2706,127
294560,Sophonie,2,2,כְּמֹ֖ץ,מוֹץ,H4671,8
294561,Sophonie,2,2,עָ֣בַר,עָבַר,H5674,556
294562,Sophonie,2,2,י֑וֹם,יוֹם,H3117,2306
294563,Sophonie,2,2,בְּטֶ֣רֶם׀,טֶ֫רֶם,H2962,56
294564,Sophonie,2,2,לֹא־,לֹא,H3808,5170
294565,Sophonie,2,2,יָב֣וֹא,בּוֹא,H0935,2572
294566,Sophonie,2,2,עֲלֵיכֶ֗ם,עַל,H5921,5774
294567,Sophonie,2,2,חֲרוֹן֙,חָרוֹן,H2740,41
294568,Sophonie,2,2,אַף־,אַף,H0639,276
294569,Sophonie,2,2,יְהוָ֔ה,יהוה,H3068,6528
294570,Sophonie,2,2,בְּטֶ֙רֶם֙,טֶ֫רֶם,H2962,56
294571,Sophonie,2,2,לֹא־,לֹא,H3808,5170
294572,Sophonie,2,2,יָב֣וֹא,בּוֹא,H0935,2572
294573,Sophonie,2,2,עֲלֵיכֶ֔ם,עַל,H5921,5774
294574,Sophonie,2,2,י֖וֹם,יוֹם,H3117,2306
294575,Sophonie,2,2,אַף־,אַף,H0639,276
294576,Sophonie,2,2,יְהוָֽה׃,יהוה,H3068,6528
294577,Sophonie,2,3,בַּקְּשׁ֤וּ,בָּקַשׁ,H1245,225
294578,Sophonie,2,3,אֶת־,אֵת,H0853,10947
294579,Sophonie,2,3,יְהוָה֙,יהוה,H3068,6528
294580,Sophonie,2,3,כָּל־,כֹּל,H3605,5415
294581,Sophonie,2,3,עַנְוֵ֣י,עָנָו,H6035,22
294582,Sophonie,2,3,הָאָ֔רֶץ,אֶ֫רֶץ,H0776,2504
294583,Sophonie,2,3,אֲשֶׁ֥ר,אֲשֶׁר,H0834,5499
294584,Sophonie,2,3,מִשְׁפָּט֖וֹ,מִשְׁפָּט,H4941,422
294585,Sophonie,2,3,פָּעָ֑לוּ,פָּעַל,H6466,57
294586,Sophonie,2,3,בַּקְּשׁוּ־,בָּקַשׁ,H1245,225
294587,Sophonie,2,3,צֶ֙דֶק֙,צֶ֫דֶק,H6664,119
294588,Sophonie,2,3,בַּקְּשׁ֣וּ,בָּקַשׁ,H1245,225
294589,Sophonie,2,3,עֲנָוָ֔ה,עֲנָוָה,H6038,5
294590,Sophonie,2,3,אוּלַי֙,אוּלַי,H0194,45
294591,Sophonie,2,3,תִּסָּ֣תְר֔וּ,סָתַר,H5641,81
294592,Sophonie,2,3,בְּי֖וֹם,יוֹם,H3117,2306
294593,Sophonie,2,3,אַף־,אַף,H0639,276
294594,Sophonie,2,3,יְהוָֽה׃,יהוה,H3068,6528
294595,Sophonie,2,4,כִּ֤י,כִּי,H3588,4485
294596,Sophonie,2,4,עַזָּה֙,עַזָּה,H5804,21
294597,Sophonie,2,4,עֲזוּבָ֣ה,עָזַב,H5800,215
294598,Sophonie,2,4,תִֽהְיֶ֔ה,הָיָה,H1961,3562
294599,Sophonie,2,4,וְאַשְׁקְל֖וֹן,אַשְׁקְלוֹן,H0831,12
294600,Sophonie,2,4,לִשְׁמָמָ֑ה,שְׁמָמָה,H8077,57
294601,Sophonie,2,4,אַשְׁדּ֗וֹד,אַשְׁדּוֹד,H0795,17
294602,Sophonie,2,4,בַּֽצָּהֳרַ֙יִם֙,צֹ֫הַר,H6672,24
294603,Sophonie,2,4,יְגָ֣רְשׁ֔וּהָ,גָּרַשׁ,H1644,47
294604,Sophonie,2,4,וְעֶקְר֖וֹן,עֶקְרוֹן,H6138,22
294605,Sophonie,2,4,תֵּעָקֵֽר׃ ס,עָקַר,H6131,7
294606,Sophonie,2,5,ה֗וֹי,הוֹי,H1945,51
294607,Sophonie,2,5,יֹֽשְׁבֵ֛י,יָשַׁב,H3427,1078
294608,Sophonie,2,5,חֶ֥בֶל,חֶ֫בֶל,H2256,62
294609,Sophonie,2,5,הַיָּ֖ם,יָם,H3220,396
294610,Sophonie,2,5,גּ֣וֹי,גּוֹי,H1471,561
294611,Sophonie,2,5,כְּרֵתִ֑ים,כְּרֵתִי,H3774,10
294612,Sophonie,2,5,דְּבַר־,דָּבָר,H1697,1442
294613,Sophonie,2,5,יְהוָ֣ה,יהוה,H3068,6528
294614,Sophonie,2,5,עֲלֵיכֶ֗ם,עַל,H5921,5774
294615,Sophonie,2,5,כְּנַ֙עַן֙,כְּנַ֫עַן,H3667,94
294616,Sophonie,2,5,אֶ֣רֶץ,אֶ֫רֶץ,H0776,2504
294617,Sophonie,2,5,פְּלִשְׁתִּ֔ים,פְּלִשְׁתִּי,H6430,288
294618,Sophonie,2,5,וְהַאֲבַדְתִּ֖יךְ,אָבַד,H0006,184
294619,Sophonie,2,5,מֵאֵ֥ין,אַ֫יִן,H0369,789
294620,Sophonie,2,5,יוֹשֵֽׁב׃,יָשַׁב,H3427,1078
294621,Sophonie,2,6,וְֽהָיְתָ֞ה,הָיָה,H1961,3562
294622,Sophonie,2,6,חֶ֣בֶל,חֶ֫בֶל,H2256,62
294623,Sophonie,2,6,הַיָּ֗ם,יָם,H3220,396
294624,Sophonie,2,6,נְוֹ֛ת,נָוֶה,H5116,35
294625,Sophonie,2,6,כְּרֹ֥ת,כָּרָה,H3741,1
294626,Sophonie,2,6,רֹעִ֖ים,רָעָה,H7462,177
294627,Sophonie,2,6,וְגִדְר֥וֹת,גְּדֵרָה,H1448,9
294628,Sophonie,2,6,צֹֽאן׃,צֹאן,H6629,274
294629,Sophonie,2,7,וְהָ֣יָה,הָיָה,H1961,3562
294630,Sophonie,2,7,חֶ֗בֶל,חֶ֫בֶל,H2256,62
294631,Sophonie,2,7,לִשְׁאֵרִ֛ית,שְׁאֵרִית,H7611,66
294632,Sophonie,2,7,בֵּ֥ית,בַּ֫יִת,H1004,2049
294633,Sophonie,2,7,יְהוּדָ֖ה,יְהוּדָה,H3063,820
294634,Sophonie,2,7,עֲלֵיהֶ֣ם,עַל,H5921,5774
294635,Sophonie,2,7,יִרְע֑וּן,רָעָה,H7462,177
294636,Sophonie,2,7,בְּבָתֵּ֣י,בַּ֫יִת,H1004,2049
294637,Sophonie,2,7,אַשְׁקְל֗וֹן,אַשְׁקְלוֹן,H0831,12
294638,Sophonie,2,7,בָּעֶ֙רֶב֙,עֶ֫רֶב,H6153,134
294639,Sophonie,2,7,יִרְבָּצ֔וּן,רָבַץ,H7257,30
294640,Sophonie,2,7,כִּ֧י,כִּי,H3588,4485
294641,Sophonie,2,7,יִפְקְדֵ֛ם,פָּקַד,H6485,303
294642,Sophonie,2,7,יְהוָ֥ה,יהוה,H3068,6528
294643,Sophonie,2,7,אֱלֹהֵיהֶ֖ם,אֱלֹהִים,H0430,2603
294644,Sophonie,2,7,וְשָׁ֥ב,שׁוּב,H7725,1057
294645,Sophonie,2,7,שְׁבִותָֽם׃,שְׁבִית,H7622,32
294646,Sophonie,2,8,שָׁמַ֙עְתִּי֙,שָׁמַע,H8085,1160
294647,Sophonie,2,8,חֶרְפַּ֣ת,חֶרְפָּה,H2781,73
294648,Sophonie,2,8,מוֹאָ֔ב,מוֹאָב,H4124,181
294649,Sophonie,2,8,וְגִדּוּפֵ֖י,גִּדּוּפִים,H1421,3
294650,Sophonie,2,8,בְּנֵ֣י,בֵּן,H1121,4959
294651,Sophonie,2,8,עַמּ֑וֹן,עַמּוֹן,H5983,106
294652,Sophonie,2,8,אֲשֶׁ֤ר,אֲשֶׁר,H0834,5499
294653,Sophonie,2,8,חֵֽרְפוּ֙,חָרַף,H2778,41
294654,Sophonie,2,8,אֶת־,אֵת,H0853,10947
294655,Sophonie,2,8,עַמִּ֔י,עַם,H5971,1872
294656,Sophonie,2,8,וַיַּגְדִּ֖ילוּ,גָּדַל,H1431,117
294657,Sophonie,2,8,עַל־,עַל,H5921,5774
294658,Sophonie,2,8,גְּבוּלָֽם׃,גְּבוּל,H1366,240
294659,Sophonie,2,9,לָכֵ֣ן,כֵּן,H3651,765
294660,Sophonie,2,9,חַי־,חַי,H2416,498
294661,Sophonie,2,9,אָ֡נִי,"אֲנִי, אָֽנֹכִ֫י",H0589,874
294662,Sophonie,2,9,נְאֻם֩,נְאֻם,H5002,376
294663,Sophonie,2,9,יְהוָ֨ה,יהוה,H3068,6528
294664,Sophonie,2,9,צְבָא֜וֹת,צָבָא,H6635,484
294665,Sophonie,2,9,אֱלֹהֵ֣י,אֱלֹהִים,H0430,2603
294666,Sophonie,2,9,יִשְׂרָאֵ֗ל,יִשְׂרָאֵל,H3478,2508
294667,Sophonie,2,9,כִּֽי־,כִּי,H3588,4485
294668,Sophonie,2,9,מוֹאָ֞ב,מוֹאָב,H4124,181
294669,Sophonie,2,9,כִּסְדֹ֤ם,סְדֹם,H5467,39
294670,Sophonie,2,9,תִּֽהְיֶה֙,הָיָה,H1961,3562
294671,Sophonie,2,9,וּבְנֵ֤י,בֵּן,H1121,4959
294672,Sophonie,2,9,עַמּוֹן֙,עַמּוֹן,H5983,106
294673,Sophonie,2,9,כַּֽעֲמֹרָ֔ה,עֲמֹרָה,H6017,19
294674,Sophonie,2,9,מִמְשַׁ֥ק,מִמְשָׁק,H4476,1
294675,Sophonie,2,9,חָר֛וּל,חָרוּל,H2738,3
294676,Sophonie,2,9,וּמִכְרֵה־,מִכְרֶה,H4379,1
294677,Sophonie,2,9,מֶ֥לַח,מֶ֫לַח,H4417,28
294678,Sophonie,2,9,וּשְׁמָמָ֖ה,שְׁמָמָה,H8077,57
294679,Sophonie,2,9,עַד־,עַד,H5704,1261
294680,Sophonie,2,9,עוֹלָ֑ם,עוֹלָם,H5769,438
294681,Sophonie,2,9,שְׁאֵרִ֤ית,שְׁאֵרִית,H7611,66
294682,Sophonie,2,9,עַמִּי֙,עַם,H5971,1872
294683,Sophonie,2,9,יְבָזּ֔וּם,בָּזַז,H0962,43
294684,Sophonie,2,9,וְיֶ֥תֶר,יֶ֫תֶר,H3499,102
294685,Sophonie,2,9,גּוֹיִ֖,גּוֹי,H1471,561
294686,Sophonie,2,9,יִנְחָלֽוּם׃,נָחַל,H5157,59
294687,Sophonie,2,10,זֹ֥את,זֹאת,H2063,604
294688,Sophonie,2,10,תַּ֣חַת,תַּחַת,H8478,505
294689,Sophonie,2,10,גְּאוֹנָ֑ם,גָּאוֹן,H1347,49
294690,Sophonie,2,10,כִּ֤י,כִּי,H3588,4485
294691,Sophonie,2,10,חֵֽרְפוּ֙,חָרַף,H2778,41
294692,Sophonie,2,10,וַיַּגְדִּ֔לוּ,גָּדַל,H1431,117
294693,Sophonie,2,10,עַל־,עַל,H5921,5774
294694,Sophonie,2,10,עַ֖ם,עַם,H5971,1872
294695,Sophonie,2,10,יְהוָ֥ה,יהוה,H3068,6528
294696,Sophonie,2,10,צְבָאֽוֹת׃,צָבָא,H6635,484
294697,Sophonie,2,11,נוֹרָ֤א,יָרֵא,H3372,314
294698,Sophonie,2,11,יְהוָה֙,יהוה,H3068,6528
294699,Sophonie,2,11,עֲלֵיהֶ֔ם,עַל,H5921,5774
294700,Sophonie,2,11,כִּ֣י,כִּי,H3588,4485
294701,Sophonie,2,11,רָזָ֔ה,רָזָה,H7329,2
294702,Sophonie,2,11,אֵ֖ת,אֵת,H0853,10947
294703,Sophonie,2,11,כָּל־,כֹּל,H3605,5415
294704,Sophonie,2,11,אֱלֹהֵ֣י,אֱלֹהִים,H0430,2603
294705,Sophonie,2,11,הָאָ֑רֶץ,אֶ֫רֶץ,H0776,2504
294706,Sophonie,2,11,וְיִשְׁתַּֽחֲווּ־,שָׁחָה,H7812,172
294707,Sophonie,2,11,אִ֣ישׁ,אִישׁ,H0376,1663
294708,Sophonie,2,11,מִמְּקוֹמ֔וֹ,מָקוֹם,H4725,401
294709,Sophonie,2,11,כֹּ֖ל,כֹּל,H3605,5415
294710,Sophonie,2,11,אִיֵּ֥י,אִי,H0339,36
294711,Sophonie,2,11,הַגּוֹיִֽם׃,גּוֹי,H1471,561
294712,Sophonie,2,12,גַּם־,גַּם,H1571,769
294713,Sophonie,2,12,אַתֶּ֣ם,אַתֶּם,H0859,1094
294714,Sophonie,2,12,כּוּשִׁ֔ים,כּוּשִׁי,H3569,26
294715,Sophonie,2,12,חַֽלְלֵ֥י,חָלָל,H2491,94
294716,Sophonie,2,12,חַרְבִּ֖י,חֶ֫רֶב,H2719,413
294717,Sophonie,2,12,הֵֽמָּה׃,הֵ֫מָּה,H1992,552
294718,Sophonie,2,13,וְיֵ֤ט,נָטָה,H5186,214
294719,Sophonie,2,13,יָדוֹ֙,יָד,H3027,1619
294720,Sophonie,2,13,עַל־,עַל,H5921,5774
294721,Sophonie,2,13,צָפ֔וֹן,צָפוֹן,H6828,153
294722,Sophonie,2,13,וִֽיאַבֵּ֖ד,אָבַד,H0006,184
294723,Sophonie,2,13,אֶת־,אֵת,H0853,10947
294724,Sophonie,2,13,אַשּׁ֑וּר,אַשּׁוּר,H0804,151
294725,Sophonie,2,13,וְיָשֵׂ֤ם,שׂוּם,H7760,585
294726,Sophonie,2,13,אֶת־,אֵת,H0853,10947
294727,Sophonie,2,13,נִֽינְוֵה֙,נִינְוֵה,H5210,17
294728,Sophonie,2,13,לִשְׁמָמָ֔ה,שְׁמָמָה,H8077,57
294729,Sophonie,2,13,צִיָּ֖ה,צִיָּה,H6723,16
294730,Sophonie,2,13,כַּמִּדְבָּֽר׃,מִדְבָּר,H4057,271
294731,Sophonie,2,14,וְרָבְצ֨וּ,רָבַץ,H7257,30
294732,Sophonie,2,14,בְתוֹכָ֤הּ,תָּ֫וֶךְ,H8432,418
294733,Sophonie,2,14,עֲדָרִים֙,עֵ֫דֶר,H5739,38
294734,Sophonie,2,14,כָּל־,כֹּל,H3605,5415
294735,Sophonie,2,14,חַיְתוֹ־,חַיָּה,H2416,498
294736,Sophonie,2,14,ג֔וֹי,גּוֹי,H1471,561
294737,Sophonie,2,14,גַּם־,גַּם,H1571,769
294738,Sophonie,2,14,קָאַת֙,קָאַת,H6893,5
294739,Sophonie,2,14,גַּם־,גַּם,H1571,769
294740,Sophonie,2,14,קִפֹּ֔ד,קִפֹּד,H7090,3
294741,Sophonie,2,14,בְּכַפְתֹּרֶ֖יהָ,כַּפְתּוֹר,H3730,18
294742,Sophonie,2,14,יָלִ֑ינוּ,לוּן,H3885,84
294743,Sophonie,2,14,ק֠וֹל,קוֹל,H6963,506
294744,Sophonie,2,14,יְשׁוֹרֵ֤ר,שִׁיר,H7891,87
294745,Sophonie,2,14,בַּֽחַלּוֹן֙,חַלּוֹן,H2474,31
294746,Sophonie,2,14,חֹ֣רֶב,חֹ֫רֶב,H2721,16
294747,Sophonie,2,14,בַּסַּ֔ף,סַף,H5592,32
294748,Sophonie,2,14,כִּ֥י,כִּי,H3588,4485
294749,Sophonie,2,14,אַרְזָ֖ה,אַרְזָה,H0731,1
294750,Sophonie,2,14,עֵרָֽה׃,עָרָה,H6168,15
294751,Sophonie,2,15,זֹ֠את,זֹאת,H2063,604
294752,Sophonie,2,15,הָעִ֤יר,עִיר,H5892,1089
294753,Sophonie,2,15,הָעַלִּיזָה֙,עַלִּיז,H5947,7
294754,Sophonie,2,15,הַיּוֹשֶׁ֣בֶת,יָשַׁב,H3427,1078
294755,Sophonie,2,15,לָבֶ֔טַח,בֶּ֫טַח,H0983,42
294756,Sophonie,2,15,הָאֹֽמְרָה֙,אָמַר,H0559,5309
294757,Sophonie,2,15,בִּלְבָבָ֔הּ,לֵבָב,H3824,252
294758,Sophonie,2,15,אֲנִ֖י,"אֲנִי, אָֽנֹכִ֫י",H0589,874
294759,Sophonie,2,15,וְאַפְסִ֣י,אֶ֫פֶס,H0657,44
294760,Sophonie,2,15,ע֑וֹד,עוֹד,H5750,490
294761,Sophonie,2,15,אֵ֣יךְ׀,אֵיךְ,H0349,82
294762,Sophonie,2,15,הָיְתָ֣ה,הָיָה,H1961,3562
294763,Sophonie,2,15,לְשַׁמָּ֗ה,שַׁמָּה,H8047,39
294764,Sophonie,2,15,מַרְבֵּץ֙,מַרְבֵּץ,H4769,2
294765,Sophonie,2,15,לַֽחַיָּ֔ה,חַיָּה,H2416,498
294766,Sophonie,2,15,כֹּ֚ל,כֹּל,H3605,5415
294767,Sophonie,2,15,עוֹבֵ֣ר,עָבַר,H5674,556
294768,Sophonie,2,15,עָלֶ֔יהָ,עַל,H5921,5774
294769,Sophonie,2,15,יִשְׁרֹ֖ק,שָׁרַק,H8319,12
294770,Sophonie,2,15,יָנִ֥יעַ,נוּעַ,H5128,40
294771,Sophonie,2,15,יָדֽוֹ׃ ס,יָד,H3027,1619
294772,Sophonie,3,1,ה֥וֹי,הוֹי,H1945,51
294773,Sophonie,3,1,מֹרְאָ֖ה,מָרָא,H4754,2
294774,Sophonie,3,1,וְנִגְאָלָ֑ה,גָּאַל,H1351,11
294775,Sophonie,3,1,הָעִ֖יר,עִיר,H5892,1089
294776,Sophonie,3,1,הַיּוֹנָֽה׃,יָנָה,H3238,19
294777,Sophonie,3,2,לֹ֤א,לֹא,H3808,5170
294778,Sophonie,3,2,שָֽׁמְעָה֙,שָׁמַע,H8085,1160
294779,Sophonie,3,2,בְּק֔וֹל,קוֹל,H6963,506
294780,Sophonie,3,2,לֹ֥א,לֹא,H3808,5170
294781,Sophonie,3,2,לָקְחָ֖ה,לָקַח,H3947,966
294782,Sophonie,3,2,מוּסָ֑ר,מוּסָר,H4148,50
294783,Sophonie,3,2,בַּֽיהוָה֙,יהוה,H3068,6528
294784,Sophonie,3,2,לֹ֣א,לֹא,H3808,5170
294785,Sophonie,3,2,בָטָ֔חָה,בָּטַח,H0982,120
294786,Sophonie,3,2,אֶל־,אֶל,H0413,5515
294787,Sophonie,3,2,אֱלֹהֶ֖יהָ,אֱלֹהִים,H0430,2603
294788,Sophonie,3,2,לֹ֥א,לֹא,H3808,5170
294789,Sophonie,3,2,קָרֵֽבָה׃,קָרַב,H7126,280
294790,Sophonie,3,3,שָׂרֶ֣יהָ,שַׂר,H8269,421
294791,Sophonie,3,3,בְקִרְבָּ֔הּ,קֶ֫רֶב,H7130,227
294792,Sophonie,3,3,אֲרָי֖וֹת,אֲרִי,H0738,80
294793,Sophonie,3,3,שֹֽׁאֲגִ֑ים,שָׁאַג,H7580,20
294794,Sophonie,3,3,שֹׁפְטֶ֙יהָ֙,שָׁפַט,H8199,202
294795,Sophonie,3,3,זְאֵ֣בֵי,זְאֵב,H2061,7
294796,Sophonie,3,3,עֶ֔רֶב,עֶ֫רֶב,H6153,134
294797,Sophonie,3,3,לֹ֥א,לֹא,H3808,5170
294798,Sophonie,3,3,גָרְמ֖וּ,גָּרַם,H1633,3
294799,Sophonie,3,3,לַבֹּֽקֶר׃,בֹּ֫קֶר,H1242,214
294800,Sophonie,3,4,נְבִיאֶ֙יהָ֙,נָבִיא,H5030,315
294801,Sophonie,3,4,פֹּֽחֲזִ֔ים,פָּחַז,H6348,2
294802,Sophonie,3,4,אַנְשֵׁ֖י,אֱנוֹשׁ,H0582,566
294803,Sophonie,3,4,בֹּֽגְד֑וֹת,בֹּגְדוֹת,H0900,1
294804,Sophonie,3,4,כֹּהֲנֶ֙יהָ֙,כֹּהֵן,H3548,750
294805,Sophonie,3,4,חִלְּלוּ־,חָלַל,H2490,143
294806,Sophonie,3,4,קֹ֔דֶשׁ,קֹ֫דֶשׁ,H6944,469
294807,Sophonie,3,4,חָמְס֖וּ,חָמַס,H2554,8
294808,Sophonie,3,4,תּוֹרָֽה׃,תּוֹרָה,H8451,219
294809,Sophonie,3,5,יְהוָ֤ה,יהוה,H3068,6528
294810,Sophonie,3,5,צַדִּיק֙,צַדִּיק,H6662,206
294811,Sophonie,3,5,בְּקִרְבָּ֔הּ,קֶ֫רֶב,H7130,227
294812,Sophonie,3,5,לֹ֥א,לֹא,H3808,5170
294813,Sophonie,3,5,יַעֲשֶׂ֖ה,עָשָׂה,H6213,2629
294814,Sophonie,3,5,עַוְלָ֑ה,עַוְלָה,H5766,54
294815,Sophonie,3,5,בַּבֹּ֨קֶר,בֹּ֫קֶר,H1242,214
294816,Sophonie,3,5,בַּבֹּ֜קֶר,בֹּ֫קֶר,H1242,214
294817,Sophonie,3,5,מִשְׁפָּט֨וֹ,מִשְׁפָּט,H4941,422
294818,Sophonie,3,5,יִתֵּ֤ן,נָתַן,H5414,2011
294819,Sophonie,3,5,לָאוֹר֙,אוֹר,H0216,121
294820,Sophonie,3,5,לֹ֣א,לֹא,H3808,5170
294821,Sophonie,3,5,נֶעְדָּ֔ר,עָדַר,H5737,11
294822,Sophonie,3,5,וְלֹֽא־,לֹא,H3808,5170
294823,Sophonie,3,5,יוֹדֵ֥עַ,יָדַע,H3045,946
294824,Sophonie,3,5,עַוָּ֖ל,עַוָּל,H5767,5
294825,Sophonie,3,5,בֹּֽשֶׁת׃,בֹּ֫שֶׁת,H1322,30
294826,Sophonie,3,6,הִכְרַ֣תִּי,כָּרַת,H3772,288
294827,Sophonie,3,6,גוֹיִ֗ם,גּוֹי,H1471,561
294828,Sophonie,3,6,נָשַׁ֙מּוּ֙,שָׁמֵם,H8074,86
294829,Sophonie,3,6,פִּנּוֹתָ֔ם,פִּנָּה,H6438,29
294830,Sophonie,3,6,הֶחֱרַ֥בְתִּי,חָרֵב,H2717,40
294831,Sophonie,3,6,חֽוּצוֹתָ֖ם,חוּץ,H2351,164
294832,Sophonie,3,6,מִבְּלִ֣י,בְּלִי,H1097,58
294833,Sophonie,3,6,עוֹבֵ֑ר,עָבַר,H5674,556
294834,Sophonie,3,6,נִצְדּ֧וּ,צָדָה,H6658,3
294835,Sophonie,3,6,עָרֵיהֶ֛ם,עִיר,H5892,1089
294836,Sophonie,3,6,מִבְּלִי־,בְּלִי,H1097,58
294837,Sophonie,3,6,אִ֖ישׁ,אִישׁ,H0376,1663
294838,Sophonie,3,6,מֵאֵ֥ין,אַ֫יִן,H0369,789
294839,Sophonie,3,6,יוֹשֵֽׁב׃,יָשַׁב,H3427,1078
294840,Sophonie,3,7,אָמַ֜רְתִּי,אָמַר,H0559,5309
294841,Sophonie,3,7,אַךְ־,אַךְ,H0389,161
294842,Sophonie,3,7,תִּירְאִ֤י,יָרֵא,H3372,314
294843,Sophonie,3,7,אוֹתִי֙,אֵת,H0853,10947
294844,Sophonie,3,7,תִּקְחִ֣י,לָקַח,H3947,966
294845,Sophonie,3,7,מוּסָ֔ר,מוּסָר,H4148,50
294846,Sophonie,3,7,וְלֹֽא־,לֹא,H3808,5170
294847,Sophonie,3,7,יִכָּרֵ֣ת,כָּרַת,H3772,288
294848,Sophonie,3,7,מְעוֹנָ֔הּ,מָעוֹן,H4583,18
294849,Sophonie,3,7,כֹּ֥ל,כֹּל,H3605,5415
294850,Sophonie,3,7,אֲשֶׁר־,אֲשֶׁר,H0834,5499
294851,Sophonie,3,7,פָּקַ֖דְתִּי,פָּקַד,H6485,303
294852,Sophonie,3,7,עָלֶ֑יהָ,עַל,H5921,5774
294853,Sophonie,3,7,אָכֵן֙,אָכֵן,H0403,18
294854,Sophonie,3,7,הִשְׁכִּ֣ימוּ,שָׁכַם,H7925,65
294855,Sophonie,3,7,הִשְׁחִ֔יתוּ,שָׁחַת,H7843,146
294856,Sophonie,3,7,כֹּ֖ל,כֹּל,H3605,5415
294857,Sophonie,3,7,עֲלִילוֹתָֽם׃,עֲלִילָה,H5949,24
294858,Sophonie,3,8,לָכֵ֤ן,כֵּן,H3651,765
294859,Sophonie,3,8,חַכּוּ־,חָכָה,H2442,14
294860,Sophonie,3,8,נְאֻם־,נְאֻם,H5002,376
294861,Sophonie,3,8,יְהוָ֔ה,יהוה,H3068,6528
294862,Sophonie,3,8,לְי֖וֹם,יוֹם,H3117,2306
294863,Sophonie,3,8,קוּמִ֣י,קוּם,H6965,628
294864,Sophonie,3,8,לְעַ֑ד,עֵד,H5707,70
294865,Sophonie,3,8,כִּ֣י,כִּי,H3588,4485
294866,Sophonie,3,8,מִשְׁפָּטִי֩,מִשְׁפָּט,H4941,422
294867,Sophonie,3,8,לֶאֱסֹ֨ף,אָסַף,H0622,200
294868,Sophonie,3,8,גּוֹיִ֜ם,גּוֹי,H1471,561
294869,Sophonie,3,8,לְקָבְצִ֣י,קָבַץ,H6908,127
294870,Sophonie,3,8,מַמְלָכ֗וֹת,מַמְלָכָה,H4467,117
294871,Sophonie,3,8,לִשְׁפֹּ֨ךְ,שָׁפַךְ,H8210,115
294872,Sophonie,3,8,עֲלֵיהֶ֤ם,עַל,H5921,5774
294873,Sophonie,3,8,זַעְמִי֙,זַ֫עַם,H2195,22
294874,Sophonie,3,8,כֹּ֚ל,כֹּל,H3605,5415
294875,Sophonie,3,8,חֲר֣וֹן,חָרוֹן,H2740,41
294876,Sophonie,3,8,אַפִּ֔י,אַף,H0639,276
294877,Sophonie,3,8,כִּ֚י,כִּי,H3588,4485
294878,Sophonie,3,8,בְּאֵ֣שׁ,אֵשׁ,H0784,378
294879,Sophonie,3,8,קִנְאָתִ֔י,קִנְאָה,H7068,43
294880,Sophonie,3,8,תֵּאָכֵ֖ל,אָכַל,H0398,810
294881,Sophonie,3,8,כָּל־,כֹּל,H3605,5415
294882,Sophonie,3,8,הָאָֽרֶץ׃,אֶ֫רֶץ,H0776,2504
294883,Sophonie,3,9,כִּֽי־,כִּי,H3588,4485
294884,Sophonie,3,9,אָ֛ז,אָז,H0227,141
294885,Sophonie,3,9,אֶהְפֹּ֥ךְ,הָפַךְ,H2015,94
294886,Sophonie,3,9,אֶל־,אֶל,H0413,5515
294887,Sophonie,3,9,עַמִּ֖ים,עַם,H5971,1872
294888,Sophonie,3,9,שָׂפָ֣ה,שָׂפָה,H8193,176
294889,Sophonie,3,9,בְרוּרָ֑ה,בָּרַר,H1305,18
294890,Sophonie,3,9,לִקְרֹ֤א,קָרָא,H7121,733
294891,Sophonie,3,9,כֻלָּם֙,כֹּל,H3605,5415
294892,Sophonie,3,9,בְּשֵׁ֣ם,שֵׁם,H8034,864
294893,Sophonie,3,9,יְהוָ֔ה,יהוה,H3068,6528
294894,Sophonie,3,9,לְעָבְד֖וֹ,עָבַד,H5647,288
294895,Sophonie,3,9,שְׁכֶ֥ם,שְׁכֶם,H7926,21
294896,Sophonie,3,9,אֶחָֽד׃,אֶחָד,H0259,971
294897,Sophonie,3,10,מֵעֵ֖בֶר,עֵ֫בֶר,H5676,90
294898,Sophonie,3,10,לְנַֽהֲרֵי־,נָהָר,H5104,119
294899,Sophonie,3,10,כ֑וּשׁ,כּוּשׁ,H3568,30
294900,Sophonie,3,10,עֲתָרַי֙,עָתָר,H6282,2
294901,Sophonie,3,10,בַּת־,בַּת,H1323,588
294902,Sophonie,3,10,פוּצַ֔י,פּוּץ,H6327,67
294903,Sophonie,3,10,יוֹבִל֖וּן,יָבַל,H2986,18
294904,Sophonie,3,10,מִנְחָתִֽי׃,מִנְחָה,H4503,211
294905,Sophonie,3,11,בַּיּ֣וֹם,יוֹם,H3117,2306
294906,Sophonie,3,11,הַה֗וּא,הוּא,H1931,1878
294907,Sophonie,3,11,לֹ֤א,לֹא,H3808,5170
294908,Sophonie,3,11,תֵב֙וֹשִׁי֙,בּוֹשׁ,H0954,126
294909,Sophonie,3,11,מִכֹּ֣ל,כֹּל,H3605,5415
294910,Sophonie,3,11,עֲלִילֹתַ֔יִךְ,עֲלִילָה,H5949,24
294911,Sophonie,3,11,אֲשֶׁ֥ר,אֲשֶׁר,H0834,5499
294912,Sophonie,3,11,פָּשַׁ֖עַתְּ,פָּשַׁע,H6586,41
294913,Sophonie,3,11,כִּי־,כִּי,H3588,4485
294914,Sophonie,3,11,אָ֣ז׀,אָז,H0227,141
294915,Sophonie,3,11,אָסִ֣יר,סוּר,H5493,300
294916,Sophonie,3,11,מִקִּרְבֵּ֗ךְ,קֶ֫רֶב,H7130,227
294917,Sophonie,3,11,עַלִּיזֵי֙,עַלִּיז,H5947,7
294918,Sophonie,3,11,גַּאֲוָתֵ֔ךְ,גַּאֲוָה,H1346,19
294919,Sophonie,3,11,וְלֹֽא־,לֹא,H3808,5170
294920,Sophonie,3,11,תוֹסִ֧פִי,יָסַף,H3254,212
294921,Sophonie,3,11,לְגָבְהָ֛ה,גָּבַהּ,H1361,34
294922,Sophonie,3,11,ע֖וֹד,עוֹד,H5750,490
294923,Sophonie,3,11,בְּהַ֥ר,הַר,H2022,547
294924,Sophonie,3,11,קָדְשִֽׁי׃,קֹ֫דֶשׁ,H6944,469
294925,Sophonie,3,12,וְהִשְׁאַרְתִּ֣י,שָׁאַר,H7604,133
294926,Sophonie,3,12,בְקִרְבֵּ֔ךְ,קֶ֫רֶב,H7130,227
294927,Sophonie,3,12,עַ֥ם,עַם,H5971,1872
294928,Sophonie,3,12,עָנִ֖י,עָנִי,H6041,74
294929,Sophonie,3,12,וָדָ֑ל,דַּל,H1800,47
294930,Sophonie,3,12,וְחָס֖וּ,חָסָה,H2620,37
294931,Sophonie,3,12,בְּשֵׁ֥ם,שֵׁם,H8034,864
294932,Sophonie,3,12,יְהוָֽה׃,יהוה,H3068,6528
294933,Sophonie,3,13,שְׁאֵרִ֨ית,שְׁאֵרִית,H7611,66
294934,Sophonie,3,13,יִשְׂרָאֵ֜ל,יִשְׂרָאֵל,H3478,2508
294935,Sophonie,3,13,לֹֽא־,לֹא,H3808,5170
294936,Sophonie,3,13,יַעֲשׂ֤וּ,עָשָׂה,H6213,2629
294937,Sophonie,3,13,עַוְלָה֙,עַוְלָה,H5766,54
294938,Sophonie,3,13,וְלֹא־,לֹא,H3808,5170
294939,Sophonie,3,13,יְדַבְּר֣וּ,דָבַר,H1696,1142
294940,Sophonie,3,13,כָזָ֔ב,כָּזָב,H3577,31
294941,Sophonie,3,13,וְלֹֽא־,לֹא,H3808,5170
294942,Sophonie,3,13,יִמָּצֵ֥א,מָצָא,H4672,455
294943,Sophonie,3,13,בְּפִיהֶ֖ם,פֶּה,H6310,498
294944,Sophonie,3,13,לְשׁ֣וֹן,לָשׁוֹן,H3956,117
294945,Sophonie,3,13,תַּרְמִ֑ית,תַּרְמִית,H8649,6
294946,Sophonie,3,13,כִּֽי־,כִּי,H3588,4485
294947,Sophonie,3,13,הֵ֛מָּה,הֵ֫מָּה,H1992,552
294948,Sophonie,3,13,יִרְע֥וּ,רָעָה,H7462,177
294949,Sophonie,3,13,וְרָבְצ֖וּ,רָבַץ,H7257,30
294950,Sophonie,3,13,וְאֵ֥ין,אַ֫יִן,H0369,789
294951,Sophonie,3,13,מַחֲרִֽיד׃ ס,חָרַד,H2729,39
294952,Sophonie,3,14,רָנִּי֙,רָנַן,H7442,54
294953,Sophonie,3,14,בַּת־,בַּת,H1323,588
294954,Sophonie,3,14,צִיּ֔וֹן,צִיּוֹן,H6726,154
294955,Sophonie,3,14,הָרִ֖יעוּ,רוּעַ,H7321,44
294956,Sophonie,3,14,יִשְׂרָאֵ֑ל,יִשְׂרָאֵל,H3478,2508
294957,Sophonie,3,14,שִׂמְחִ֤י,שָׂמַח,H8055,155
294958,Sophonie,3,14,וְעָלְזִי֙,עָלַז,H5937,16
294959,Sophonie,3,14,בְּכָל־,כֹּל,H3605,5415
294960,Sophonie,3,14,לֵ֔ב,לֵב,H3820,595
294961,Sophonie,3,14,בַּ֖ת,בַּת,H1323,588
294962,Sophonie,3,14,יְרוּשָׁלִָֽם׃,"יְרוּשָׁלִַ֫ם, יְרוּשְׁלֵם",H3389,643
294963,Sophonie,3,15,הֵסִ֤יר,סוּר,H5493,300
294964,Sophonie,3,15,יְהוָה֙,יהוה,H3068,6528
294965,Sophonie,3,15,מִשְׁפָּטַ֔יִךְ,מִשְׁפָּט,H4941,422
294966,Sophonie,3,15,פִּנָּ֖ה,פָּנָה,H6437,135
294967,Sophonie,3,15,אֹֽיְבֵ֑ךְ,אֹיֵב,H0341,283
294968,Sophonie,3,15,מֶ֣לֶךְ,מֶ֫לֶךְ,H4428,2526
294969,Sophonie,3,15,יִשְׂרָאֵ֤ל׀,יִשְׂרָאֵל,H3478,2508
294970,Sophonie,3,15,יְהוָה֙,יהוה,H3068,6528
294971,Sophonie,3,15,בְּקִרְבֵּ֔ךְ,קֶ֫רֶב,H7130,227
294972,Sophonie,3,15,לֹא־,לֹא,H3808,5170
294973,Sophonie,3,15,תִֽירְאִ֥י,יָרֵא,H3372,314
294974,Sophonie,3,15,רָ֖ע,רַע,H7451,665
294975,Sophonie,3,15,עֽוֹד׃,עוֹד,H5750,490
294976,Sophonie,3,16,בַּיּ֣וֹם,יוֹם,H3117,2306
294977,Sophonie,3,16,הַה֔וּא,הוּא,H1931,1878
294978,Sophonie,3,16,יֵאָמֵ֥ר,אָמַר,H0559,5309
294979,Sophonie,3,16,לִירֽוּשָׁלִַ֖ם,"יְרוּשָׁלִַ֫ם, יְרוּשְׁלֵם",H3389,643
294980,Sophonie,3,16,אַל־,אַל,H0408,725
294981,Sophonie,3,16,תִּירָ֑אִי,יָרֵא,H3372,314
294982,Sophonie,3,16,צִיּ֖וֹן,צִיּוֹן,H6726,154
294983,Sophonie,3,16,אַל־,אַל,H0408,725
294984,Sophonie,3,16,יִרְפּ֥וּ,רָפָה,H7503,46
294985,Sophonie,3,16,יָדָֽיִךְ׃,יָד,H3027,1619
294986,Sophonie,3,17,יְהוָ֧ה,יהוה,H3068,6528
294987,Sophonie,3,17,אֱלֹהַ֛יִךְ,אֱלֹהִים,H0430,2603
294988,Sophonie,3,17,בְּקִרְבֵּ֖ך,קֶ֫רֶב,H7130,227
294989,Sophonie,3,17,גִּבּ֣וֹר,גִּבּוֹר,H1368,159
294990,Sophonie,3,17,יוֹשִׁ֑יעַ,יָשַׁע,H3467,206
294991,Sophonie,3,17,יָשִׂ֨ישׂ,שׂוּשׂ,H7797,27
294992,Sophonie,3,17,עָלַ֜יִךְ,עַל,H5921,5774
294993,Sophonie,3,17,בְּשִׂמְחָ֗ה,שִׂמְחָה,H8057,94
294994,Sophonie,3,17,יַחֲרִישׁ֙,חָרֵשׁ,H2790,72
294995,Sophonie,3,17,בְּאַ֣הֲבָת֔וֹ,אַהֲבָה,H0160,38
294996,Sophonie,3,17,יָגִ֥יל,גִּיל,H1523,45
294997,Sophonie,3,17,עָלַ֖יִךְ,עַל,H5921,5774
294998,Sophonie,3,17,בְּרִנָּֽה׃,רִנָּה,H7440,33
294999,Sophonie,3,18,נוּגֵ֧י,יָגָה,H3013,8
295000,Sophonie,3,18,מִמּוֹעֵ֛ד,מוֹעֵד,H4150,223
295001,Sophonie,3,18,אָסַ֖פְתִּי,אָסַף,H0622,200
295002,Sophonie,3,18,מִמֵּ֣ךְ,מִן־,H4480,1190
295003,Sophonie,3,18,הָי֑וּ,הָיָה,H1961,3562
295004,Sophonie,3,18,מַשְׂאֵ֥ת,מַשְׂאֵת,H4864,15
295005,Sophonie,3,18,עָלֶ֖יהָ,עַל,H5921,5774
295006,Sophonie,3,18,חֶרְפָּֽה׃,חֶרְפָּה,H2781,73
295007,Sophonie,3,19,הִנְנִ֥י,הֵן,H2005,316
295008,Sophonie,3,19,עֹשֶׂ֛ה,עָשָׂה,H6213,2629
295009,Sophonie,3,19,אֶת־,אֵת,H0853,10947
295010,Sophonie,3,19,כָּל־,כֹּל,H3605,5415
295011,Sophonie,3,19,מְעַנַּ֖יִךְ,עָנָה,H6031,82
295012,Sophonie,3,19,בָּעֵ֣ת,עֵת,H6256,296
295013,Sophonie,3,19,הַהִ֑יא,הוּא,H1931,1878
295014,Sophonie,3,19,וְהוֹשַׁעְתִּ֣י,יָשַׁע,H3467,206
295015,Sophonie,3,19,אֶת־,אֵת,H0853,10947
295016,Sophonie,3,19,הַצֹּלֵעָ֗ה,צָלַע,H6760,4
295017,Sophonie,3,19,וְהַנִּדָּחָה֙,נָדַח,H5080,55
295018,Sophonie,3,19,אֲקַבֵּ֔ץ,קָבַץ,H6908,127
295019,Sophonie,3,19,וְשַׂמְתִּים֙,שׂוּם,H7760,585
295020,Sophonie,3,19,לִתְהִלָּ֣ה,תְּהִלָּה,H8416,57
295021,Sophonie,3,19,וּלְשֵׁ֔ם,שֵׁם,H8034,864
295022,Sophonie,3,19,בְּכָל־,כֹּל,H3605,5415
295023,Sophonie,3,19,הָאָ֖רֶץ,אֶ֫רֶץ,H0776,2504
295024,Sophonie,3,19,בָּשְׁתָּֽם׃,בֹּ֫שֶׁת,H1322,30
295025,Sophonie,3,20,בָּעֵ֤ת,עֵת,H6256,296
295026,Sophonie,3,20,הַהִיא֙,הוּא,H1931,1878
295027,Sophonie,3,20,אָבִ֣יא,בּוֹא,H0935,2572
295028,Sophonie,3,20,אֶתְכֶ֔ם,אֵת,H0853,10947
295029,Sophonie,3,20,וּבָעֵ֖ת,עֵת,H6256,296
295030,Sophonie,3,20,קַבְּצִ֣י,קָבַץ,H6908,127
295031,Sophonie,3,20,אֶתְכֶ֑ם,אֵת,H0853,10947
295032,Sophonie,3,20,כִּֽי־,כִּי,H3588,4485
295033,Sophonie,3,20,אֶתֵּ֨ן,נָתַן,H5414,2011
295034,Sophonie,3,20,אֶתְכֶ֜ם,אֵת,H0853,10947
295035,Sophonie,3,20,לְשֵׁ֣ם,שֵׁם,H8034,864
295036,Sophonie,3,20,וְלִתְהִלָּ֗ה,תְּהִלָּה,H8416,57
295037,Sophonie,3,20,בְּכֹל֙,כֹּל,H3605,5415
295038,Sophonie,3,20,עַמֵּ֣י,עַם,H5971,1872
295039,Sophonie,3,20,הָאָ֔רֶץ,אֶ֫רֶץ,H0776,2504
295040,Sophonie,3,20,בְּשׁוּבִ֧י,שׁוּב,H7725,1057
295041,Sophonie,3,20,אֶת־,אֵת,H0853,10947
295042,Sophonie,3,20,שְׁבוּתֵיכֶ֛ם,שְׁבִית,H7622,32
295043,Sophonie,3,20,לְעֵינֵיכֶ֖ם,עַ֫יִן,H5869,887
295044,Sophonie,3,20,אָמַ֥ר,אָמַר,H0559,5309
295045,Sophonie,3,20,יְהוָֽה׃,יהוה,H3068,6528
